CREATE DATABASE  IF NOT EXISTS `board` /*!40100 DEFAULT CHARACTER SET utf8 */;
USE `board`;
-- MySQL dump 10.13  Distrib 5.7.17, for Win64 (x86_64)
--
-- Host: 118.89.102.238    Database: board
-- ------------------------------------------------------
-- Server version	5.5.54-0ubuntu0.14.04.1

/*!40101 SET @OLD_CHARACTER_SET_CLIENT=@@CHARACTER_SET_CLIENT */;
/*!40101 SET @OLD_CHARACTER_SET_RESULTS=@@CHARACTER_SET_RESULTS */;
/*!40101 SET @OLD_COLLATION_CONNECTION=@@COLLATION_CONNECTION */;
/*!40101 SET NAMES utf8 */;
/*!40103 SET @OLD_TIME_ZONE=@@TIME_ZONE */;
/*!40103 SET TIME_ZONE='+00:00' */;
/*!40014 SET @OLD_UNIQUE_CHECKS=@@UNIQUE_CHECKS, UNIQUE_CHECKS=0 */;
/*!40014 SET @OLD_FOREIGN_KEY_CHECKS=@@FOREIGN_KEY_CHECKS, FOREIGN_KEY_CHECKS=0 */;
/*!40101 SET @OLD_SQL_MODE=@@SQL_MODE, SQL_MODE='NO_AUTO_VALUE_ON_ZERO' */;
/*!40111 SET @OLD_SQL_NOTES=@@SQL_NOTES, SQL_NOTES=0 */;

--
-- Table structure for table `bd_add_friend`
--

DROP TABLE IF EXISTS `bd_add_friend`;
/*!40101 SET @saved_cs_client     = @@character_set_client */;
/*!40101 SET character_set_client = utf8 */;
CREATE TABLE `bd_add_friend` (
  `add_friend_id` int(10) unsigned NOT NULL AUTO_INCREMENT,
  `response_status` tinyint(3) unsigned NOT NULL DEFAULT '1' COMMENT '回复状态：1：未回复 2：拒绝 3：同意 4.好友关系已经删除 ',
  `message_time` datetime NOT NULL COMMENT '消息时间',
  `bd_user_user_id` int(10) unsigned NOT NULL,
  `bd_user_user_id1` int(10) unsigned NOT NULL,
  PRIMARY KEY (`add_friend_id`),
  KEY `fk_bd_add_friend_bd_user1_idx` (`bd_user_user_id`),
  KEY `fk_bd_add_friend_bd_user2_idx` (`bd_user_user_id1`),
  CONSTRAINT `fk_bd_add_friend_bd_user1` FOREIGN KEY (`bd_user_user_id`) REFERENCES `bd_user` (`user_id`) ON DELETE NO ACTION ON UPDATE NO ACTION,
  CONSTRAINT `fk_bd_add_friend_bd_user2` FOREIGN KEY (`bd_user_user_id1`) REFERENCES `bd_user` (`user_id`) ON DELETE NO ACTION ON UPDATE NO ACTION
) ENGINE=InnoDB DEFAULT CHARSET=utf8;
/*!40101 SET character_set_client = @saved_cs_client */;

--
-- Dumping data for table `bd_add_friend`
--

LOCK TABLES `bd_add_friend` WRITE;
/*!40000 ALTER TABLE `bd_add_friend` DISABLE KEYS */;
/*!40000 ALTER TABLE `bd_add_friend` ENABLE KEYS */;
UNLOCK TABLES;

--
-- Table structure for table `bd_log`
--

DROP TABLE IF EXISTS `bd_log`;
/*!40101 SET @saved_cs_client     = @@character_set_client */;
/*!40101 SET character_set_client = utf8 */;
CREATE TABLE `bd_log` (
  `log_id` int(10) unsigned NOT NULL AUTO_INCREMENT,
  `log_device_info` varchar(45) DEFAULT NULL COMMENT '设备信息',
  `log_error_info` text COMMENT '报错信息',
  `log_app_version` varchar(45) DEFAULT NULL COMMENT '应用程序版本',
  `bd_user_user_id` int(10) unsigned NOT NULL,
  PRIMARY KEY (`log_id`),
  KEY `fk_bd_log_bd_user1_idx` (`bd_user_user_id`),
  CONSTRAINT `fk_bd_log_bd_user1` FOREIGN KEY (`bd_user_user_id`) REFERENCES `bd_user` (`user_id`) ON DELETE NO ACTION ON UPDATE NO ACTION
) ENGINE=InnoDB DEFAULT CHARSET=utf8;
/*!40101 SET character_set_client = @saved_cs_client */;

--
-- Dumping data for table `bd_log`
--

LOCK TABLES `bd_log` WRITE;
/*!40000 ALTER TABLE `bd_log` DISABLE KEYS */;
/*!40000 ALTER TABLE `bd_log` ENABLE KEYS */;
UNLOCK TABLES;

--
-- Table structure for table `bd_meeting`
--

DROP TABLE IF EXISTS `bd_meeting`;
/*!40101 SET @saved_cs_client     = @@character_set_client */;
/*!40101 SET character_set_client = utf8 */;
CREATE TABLE `bd_meeting` (
  `meeting_id` int(10) unsigned NOT NULL AUTO_INCREMENT,
  `meeting_url` bigint(20) unsigned NOT NULL COMMENT '12位数字',
  `meeting_theme` varchar(20) NOT NULL COMMENT '预定会议主题',
  `meeting_host_user_id` int(10) unsigned NOT NULL,
  `meeting_is_drawable` tinyint(4) NOT NULL COMMENT '与会者默认可画  1 不能 2 可以',
  `meeting_is_talkable` tinyint(4) NOT NULL COMMENT '与会者默认可说 1 不能 2 可以',
  `meeting_is_add_to_calendar` tinyint(4) NOT NULL DEFAULT '1' COMMENT '是否添加到日历 1：不添加 2：添加',
  `meeting_password` varchar(32) NOT NULL COMMENT '密码',
  `meeting_start_time` bigint(20) DEFAULT NULL COMMENT '会议开始时间',
  `meeting_end_time` bigint(20) DEFAULT NULL,
  `meeting_status` tinyint(4) NOT NULL DEFAULT '1' COMMENT '预约状态：1 ：未开始并且未到期 2：未开始并且过期了 3：正在进行 4：开会结束  5.锁定',
  `event_id` bigint(20) NOT NULL DEFAULT '-1' COMMENT '日历事件ID',
  `meeting_desc` text NOT NULL COMMENT '会议描述',
  PRIMARY KEY (`meeting_id`,`meeting_url`),
  KEY `meeting_host_user_id_idx` (`meeting_host_user_id`),
  CONSTRAINT `meeting_host_user_id` FOREIGN KEY (`meeting_host_user_id`) REFERENCES `bd_user` (`user_id`) ON DELETE NO ACTION ON UPDATE NO ACTION
) ENGINE=InnoDB AUTO_INCREMENT=499 DEFAULT CHARSET=utf8;
/*!40101 SET character_set_client = @saved_cs_client */;

--
-- Dumping data for table `bd_meeting`
--

LOCK TABLES `bd_meeting` WRITE;
/*!40000 ALTER TABLE `bd_meeting` DISABLE KEYS */;
INSERT INTO `bd_meeting` VALUES (142,317569466634,'李磊的会议',5,0,0,0,'4eb0aaa2ada1bcc120049c88c99925a2',1490605255247,1490608855247,2,-1,'你好!\n	李磊好好 正在邀请你加入白板会议。\n	主题：李磊的会议\n	时间：今天,下午5:00 GMT+8\n	会议ID： 0 \n	密码：a0000000 \n	加入方式：打开安卓小喵白板客户端，点击进入“加入会议”界面，输入会议ID与密码，即可加入。'),(143,317677610633,'李磊的会议',5,0,0,0,'4eb0aaa2ada1bcc120049c88c99925a2',1490608843934,1490612443934,2,-1,'你好!\n	李磊好好 正在邀请你加入白板会议。\n	主题：李磊的会议\n	时间：今天,下午6:00 GMT+8\n	会议ID： 0 \n	密码：a0000000 \n	加入方式：打开安卓小喵白板客户端，点击进入“加入会议”界面，输入会议ID与密码，即可加入。'),(144,317678837256,'李磊的会议',5,0,0,0,'4eb0aaa2ada1bcc120049c88c99925a2',1490608850521,1490612450521,2,-1,'你好!\n	李磊好好 正在邀请你加入白板会议。\n	主题：李磊的会议\n	时间：今天,下午6:00 GMT+8\n	会议ID： 0 \n	密码：a0000000 \n	加入方式：打开安卓小喵白板客户端，点击进入“加入会议”界面，输入会议ID与密码，即可加入。'),(145,317683747331,'李磊的会议',5,0,0,0,'4eb0aaa2ada1bcc120049c88c99925a2',1490608847686,1490612447686,2,-1,'你好!\n	李磊好好 正在邀请你加入白板会议。\n	主题：李磊的会议\n	时间：今天,下午6:00 GMT+8\n	会议ID： 0 \n	密码：a0000000 \n	加入方式：打开安卓小喵白板客户端，点击进入“加入会议”界面，输入会议ID与密码，即可加入。'),(146,317739485063,'李磊的会议',5,0,0,0,'4eb0aaa2ada1bcc120049c88c99925a2',1490608802662,1490612402662,2,-1,'你好!\n	李磊好好 正在邀请你加入白板会议。\n	主题：李磊的会议\n	时间：今天,下午6:00 GMT+8\n	会议ID： 0 \n	密码：a0000000 \n	加入方式：打开安卓小喵白板客户端，点击进入“加入会议”界面，输入会议ID与密码，即可加入。'),(147,317794036746,'李磊的会议该喝喝',5,0,0,0,'4eb0aaa2ada1bcc120049c88c99925a2',1490608826198,1490612426198,2,-1,'你好!\n	李磊好好 正在邀请你加入白板会议。\n	主题：李磊的会议该喝喝\n	时间：今天,下午6:00 GMT+8\n	会议ID： 0 \n	密码：a0000000 \n	加入方式：打开安卓小喵白板客户端，点击进入“加入会议”界面，输入会议ID与密码，即可加入。'),(148,317891360258,'李磊的会议',5,0,0,0,'4eb0aaa2ada1bcc120049c88c99925a2',1490608849958,1490612449958,2,-1,'你好!\n	李磊好好 正在邀请你加入白板会议。\n	主题：李磊的会议\n	时间：今天,下午6:00 GMT+8\n	会议ID： 0 \n	密码：a0000000 \n	加入方式：打开安卓小喵白板客户端，点击进入“加入会议”界面，输入会议ID与密码，即可加入。'),(149,317930587535,'李磊的会议',5,0,0,0,'4eb0aaa2ada1bcc120049c88c99925a2',1490608856535,1490612456535,2,-1,'你好!\n	李磊好好 正在邀请你加入白板会议。\n	主题：李磊的会议\n	时间：今天,下午6:00 GMT+8\n	会议ID： 0 \n	密码：a0000000 \n	加入方式：打开安卓小喵白板客户端，点击进入“加入会议”界面，输入会议ID与密码，即可加入。'),(150,318937038468,'李磊的会议',5,0,0,0,'4eb0aaa2ada1bcc120049c88c99925a2',1490616059422,1490619659422,2,-1,'你好!\n	李磊好好 正在邀请你加入白板会议。\n	主题：李磊的会议\n	时间：今天,下午8:00 GMT+8\n	会议ID： 0 \n	密码：a0000000 \n	加入方式：打开安卓小喵白板客户端，点击进入“加入会议”界面，输入会议ID与密码，即可加入。'),(151,319159508613,'李磊的会议',5,0,0,0,'4eb0aaa2ada1bcc120049c88c99925a2',1490619657248,1490623257248,2,-1,'你好!\n	李磊好好 正在邀请你加入白板会议。\n	主题：李磊的会议\n	时间：今天,下午9:00 GMT+8\n	会议ID： 0 \n	密码：a0000000 \n	加入方式：打开安卓小喵白板客户端，点击进入“加入会议”界面，输入会议ID与密码，即可加入。'),(152,319480245255,'李磊的会议',5,0,0,0,'4eb0aaa2ada1bcc120049c88c99925a2',1490619643144,1490623243144,2,-1,'你好!\n	李磊好好 正在邀请你加入白板会议。\n	主题：李磊的会议\n	时间：今天,下午9:00 GMT+8\n	会议ID： 0 \n	密码：a0000000 \n	加入方式：打开安卓小喵白板客户端，点击进入“加入会议”界面，输入会议ID与密码，即可加入。'),(153,319523517320,'给红包哈哈哈',5,0,0,0,'4eb0aaa2ada1bcc120049c88c99925a2',1490623221271,1490626821271,2,-1,'你好!\n	李磊好好 正在邀请你加入白板会议。\n	主题：给红包哈哈哈\n	时间：今天,下午10:00 GMT+8\n	会议ID： 0 \n	密码：a0000000 \n	加入方式：打开安卓小喵白板客户端，点击进入“加入会议”界面，输入会议ID与密码，即可加入。'),(154,319548719371,'阿萨',5,0,0,0,'4eb0aaa2ada1bcc120049c88c99925a2',1490623238165,1490626838165,2,-1,'你好!\n	李磊好好 正在邀请你加入白板会议。\n	主题：阿萨\n	时间：今天,下午10:00 GMT+8\n	会议ID： 0 \n	密码：a0000000 \n	加入方式：打开安卓小喵白板客户端，点击进入“加入会议”界面，输入会议ID与密码，即可加入。'),(155,319608192648,'李磊的会议公交卡',5,0,0,0,'4eb0aaa2ada1bcc120049c88c99925a2',1490623222802,1490626822802,2,-1,'你好!\n	李磊好好 正在邀请你加入白板会议。\n	主题：李磊的会议公交卡\n	时间：今天,下午10:00 GMT+8\n	会议ID： 0 \n	密码：a0000000 \n	加入方式：打开安卓小喵白板客户端，点击进入“加入会议”界面，输入会议ID与密码，即可加入。'),(156,319708496130,'李磊的会议',5,0,0,0,'4eb0aaa2ada1bcc120049c88c99925a2',1490623226437,1490626826437,2,-1,'你好!\n	李磊好好 正在邀请你加入白板会议。\n	主题：李磊的会议\n	时间：今天,下午10:00 GMT+8\n	会议ID： 0 \n	密码：a0000000 \n	加入方式：打开安卓小喵白板客户端，点击进入“加入会议”界面，输入会议ID与密码，即可加入。'),(157,319757824643,'Dialniao的会议',4,1,1,0,'4eb0aaa2ada1bcc120049c88c99925a2',1490620141928,1490623741929,2,-1,''),(158,319791397001,'李磊的会议',5,0,0,0,'4eb0aaa2ada1bcc120049c88c99925a2',1490623214095,1490626814095,2,-1,'你好!\n	李磊好好 正在邀请你加入白板会议。\n	主题：李磊的会议\n	时间：今天,下午10:00 GMT+8\n	会议ID： 0 \n	密码：a0000000 \n	加入方式：打开安卓小喵白板客户端，点击进入“加入会议”界面，输入会议ID与密码，即可加入。'),(159,319811280388,'李磊的会议',5,0,0,0,'4eb0aaa2ada1bcc120049c88c99925a2',1490623249441,1490626849441,2,-1,'你好!\n	李磊好好 正在邀请你加入白板会议。\n	主题：李磊的会议\n	时间：今天,下午10:00 GMT+8\n	会议ID： 0 \n	密码：a0000000 \n	加入方式：打开安卓小喵白板客户端，点击进入“加入会议”界面，输入会议ID与密码，即可加入。'),(160,319839235329,'李磊的会议222',5,0,0,0,'4eb0aaa2ada1bcc120049c88c99925a2',1490623227822,1490626827822,2,-1,'你好!\n	李磊好好 正在邀请你加入白板会议。\n	主题：李磊的会议222\n	时间：今天,下午10:00 GMT+8\n	会议ID： 0 \n	密码：a0000000 \n	加入方式：打开安卓小喵白板客户端，点击进入“加入会议”界面，输入会议ID与密码，即可加入。'),(161,319881925505,'李磊的会议不拘禁忌',5,0,0,0,'4eb0aaa2ada1bcc120049c88c99925a2',1490623201338,1490626801338,2,-1,'你好!\n	李磊好好 正在邀请你加入白板会议。\n	主题：李磊的会议不拘禁忌\n	时间：今天,下午10:00 GMT+8\n	会议ID： 0 \n	密码：a0000000 \n	加入方式：打开安卓小喵白板客户端，点击进入“加入会议”界面，输入会议ID与密码，即可加入。'),(162,319925760520,'fsfs',4,1,1,0,'4eb0aaa2ada1bcc120049c88c99925a2',1490623253856,1490626853856,2,-1,'你好!\n	Dialniao 正在邀请你加入白板会议。\n	主题：fsfs\n	时间：今天,下午2:00 GMT+8\n	会议ID： 0 \n	密码：a0000000 \n	加入方式：打开安卓小喵白板客户端，点击进入“加入会议”界面，输入会议ID与密码，即可加入。'),(163,320020474381,'fsfsfs',4,1,1,0,'4eb0aaa2ada1bcc120049c88c99925a2',1490623213884,1490626813884,2,-1,'你好!\n	Dialniao 正在邀请你加入白板会议。\n	主题：fsfsfs\n	时间：今天,下午2:00 GMT+8\n	会议ID： 0 \n	密码：a0000000 \n	加入方式：打开安卓小喵白板客户端，点击进入“加入会议”界面，输入会议ID与密码，即可加入。'),(164,320178281988,'fsfsfs',4,1,1,0,'4eb0aaa2ada1bcc120049c88c99925a2',1490626846723,1490630446723,2,-1,'你好!\n	Dialniao 正在邀请你加入白板会议。\n	主题：fsfsfs\n	时间：今天,下午3:00 GMT+8\n	会议ID： 0 \n	密码：a0000000 \n	加入方式：打开安卓小喵白板客户端，点击进入“加入会议”界面，输入会议ID与密码，即可加入。'),(165,320250532751,'fsfsfs',4,1,1,0,'4eb0aaa2ada1bcc120049c88c99925a2',1490626811183,1490630411183,2,-1,'你好!\n	Dialniao 正在邀请你加入白板会议。\n	主题：fsfsfs\n	时间：今天,下午3:00 GMT+8\n	会议ID： 0 \n	密码：a0000000 \n	加入方式：打开安卓小喵白板客户端，点击进入“加入会议”界面，输入会议ID与密码，即可加入。'),(166,320305712132,'fsfsfs',4,1,1,0,'4eb0aaa2ada1bcc120049c88c99925a2',1490626822264,1490630422264,2,-1,'你好!\n	Dialniao 正在邀请你加入白板会议。\n	主题：fsfsfs\n	时间：今天,下午3:00 GMT+8\n	会议ID： 0 \n	密码：a0000000 \n	加入方式：打开安卓小喵白板客户端，点击进入“加入会议”界面，输入会议ID与密码，即可加入。'),(167,320447493888,'fsfsfs',4,1,1,0,'4eb0aaa2ada1bcc120049c88c99925a2',1490626849917,1490630449917,2,-1,'你好!\n	Dialniao 正在邀请你加入白板会议。\n	主题：fsfsfs\n	时间：今天,下午3:00 GMT+8\n	会议ID： 0 \n	密码：a0000000 \n	加入方式：打开安卓小喵白板客户端，点击进入“加入会议”界面，输入会议ID与密码，即可加入。'),(168,320491359236,'fsfsfs2323',4,1,1,0,'4eb0aaa2ada1bcc120049c88c99925a2',1490626832642,1490630432642,2,-1,'你好!\n	Dialniao 正在邀请你加入白板会议。\n	主题：fsfsfs2323\n	时间：今天,下午3:00 GMT+8\n	会议ID： 0 \n	密码：a0000000 \n	加入方式：打开安卓小喵白板客户端，点击进入“加入会议”界面，输入会议ID与密码，即可加入。'),(169,320496604162,'fsfsfs',4,1,1,0,'4eb0aaa2ada1bcc120049c88c99925a2',1490626813617,1490630413617,2,-1,'你好!\n	Dialniao 正在邀请你加入白板会议。\n	主题：fsfsfs\n	时间：今天,下午3:00 GMT+8\n	会议ID： 0 \n	密码：a0000000 \n	加入方式：打开安卓小喵白板客户端，点击进入“加入会议”界面，输入会议ID与密码，即可加入。'),(170,320861874304,'fsfsfs',4,1,1,0,'4eb0aaa2ada1bcc120049c88c99925a2',1490630447273,1490634047273,2,-1,'你好!\n	Dialniao 正在邀请你加入白板会议。\n	主题：fsfsfs\n	时间：今天,下午4:00 GMT+8\n	会议ID： 0 \n	密码：a0000000 \n	加入方式：打开安卓小喵白板客户端，点击进入“加入会议”界面，输入会议ID与密码，即可加入。'),(171,325237308289,'李磊的会议',5,0,0,0,'4eb0aaa2ada1bcc120049c88c99925a2',1490666420476,1490670020476,2,-1,'你好!\n	李磊好好 正在邀请你加入白板会议。\n	主题：李磊的会议\n	时间：今天,上午10:00 GMT+8\n	会议ID： 0 \n	密码：a0000000 \n	加入方式：打开安卓小喵白板客户端，点击进入“加入会议”界面，输入会议ID与密码，即可加入。'),(172,325287411849,'fsfsfs',4,1,1,0,'4eb0aaa2ada1bcc120049c88c99925a2',1490634047637,1490637647637,2,-1,'你好!\n	Dialniao 正在邀请你加入白板会议。\n	主题：fsfsfs\n	时间：今天,下午5:00 GMT+8\n	会议ID： 0 \n	密码：a0000000 \n	加入方式：打开安卓小喵白板客户端，点击进入“加入会议”界面，输入会议ID与密码，即可加入。'),(173,325295090318,'fsfsfs',4,1,1,0,'4eb0aaa2ada1bcc120049c88c99925a2',1490634047641,1490637647641,2,-1,'你好!\n	Dialniao 正在邀请你加入白板会议。\n	主题：fsfsfs\n	时间：今天,下午5:00 GMT+8\n	会议ID： 0 \n	密码：a0000000 \n	加入方式：打开安卓小喵白板客户端，点击进入“加入会议”界面，输入会议ID与密码，即可加入。'),(174,325302801423,'fsfsfs',4,1,1,0,'4eb0aaa2ada1bcc120049c88c99925a2',1490634047866,1490637647866,2,-1,'你好!\n	Dialniao 正在邀请你加入白板会议。\n	主题：fsfsfs\n	时间：今天,下午5:00 GMT+8\n	会议ID： 0 \n	密码：a0000000 \n	加入方式：打开安卓小喵白板客户端，点击进入“加入会议”界面，输入会议ID与密码，即可加入。'),(175,325552225028,'李磊的会议',5,0,0,0,'4eb0aaa2ada1bcc120049c88c99925a2',1490670020658,1490673620658,2,-1,'你好!\n	李磊好好 正在邀请你加入白板会议。\n	主题：李磊的会议\n	时间：今天,上午11:00 GMT+8\n	会议ID： 0 \n	密码：a0000000 \n	加入方式：打开安卓小喵白板客户端，点击进入“加入会议”界面，输入会议ID与密码，即可加入。'),(176,325827986439,'fsfsfs',4,1,1,0,'4eb0aaa2ada1bcc120049c88c99925a2',1490637610840,1490641210840,2,-1,'你好!\n	Dialniao 正在邀请你加入白板会议。\n	主题：fsfsfs\n	时间：今天,下午6:00 GMT+8\n	会议ID： 0 \n	密码：a0000000 \n	加入方式：打开安卓小喵白板客户端，点击进入“加入会议”界面，输入会议ID与密码，即可加入。'),(177,325892148226,'李磊的会议',5,0,0,0,'4eb0aaa2ada1bcc120049c88c99925a2',1490670036382,1490673636382,2,-1,'你好!\n	李磊好好 正在邀请你加入白板会议。\n	主题：李磊的会议\n	时间：今天,上午11:00 GMT+8\n	会议ID： 0 \n	密码：a0000000 \n	加入方式：打开安卓小喵白板客户端，点击进入“加入会议”界面，输入会议ID与密码，即可加入。'),(178,326083751689,'fsfsfs',4,1,1,0,'4eb0aaa2ada1bcc120049c88c99925a2',1490637628954,1490641228954,2,-1,'你好!\n	Dialniao 正在邀请你加入白板会议。\n	主题：fsfsfs\n	时间：今天,下午6:00 GMT+8\n	会议ID： 0 \n	密码：a0000000 \n	加入方式：打开安卓小喵白板客户端，点击进入“加入会议”界面，输入会议ID与密码，即可加入。'),(179,326667518603,'fsfsfs',4,1,1,0,'4eb0aaa2ada1bcc120049c88c99925a2',1490641202923,1490644802923,2,-1,'你好!\n	Dialniao 正在邀请你加入白板会议。\n	主题：fsfsfs\n	时间：今天,下午7:00 GMT+8\n	会议ID： 0 \n	密码：a0000000 \n	加入方式：打开安卓小喵白板客户端，点击进入“加入会议”界面，输入会议ID与密码，即可加入。'),(180,326698258568,'fsfsfs',4,1,1,0,'4eb0aaa2ada1bcc120049c88c99925a2',1490644803025,1490648403025,2,-1,'你好!\n	Dialniao 正在邀请你加入白板会议。\n	主题：fsfsfs\n	时间：今天,下午8:00 GMT+8\n	会议ID： 0 \n	密码：a0000000 \n	加入方式：打开安卓小喵白板客户端，点击进入“加入会议”界面，输入会议ID与密码，即可加入。'),(181,326747244163,'fsfsfs',4,1,1,0,'4eb0aaa2ada1bcc120049c88c99925a2',1490644825736,1490648425736,2,-1,'你好!\n	Dialniao 正在邀请你加入白板会议。\n	主题：fsfsfs\n	时间：今天,下午8:00 GMT+8\n	会议ID： 0 \n	密码：a0000000 \n	加入方式：打开安卓小喵白板客户端，点击进入“加入会议”界面，输入会议ID与密码，即可加入。'),(182,326898476558,'fsfsfs',4,1,1,0,'4eb0aaa2ada1bcc120049c88c99925a2',1490644807249,1490648407249,2,-1,'你好!\n	Dialniao 正在邀请你加入白板会议。\n	主题：fsfsfs\n	时间：今天,下午8:00 GMT+8\n	会议ID： 0 \n	密码：a0000000 \n	加入方式：打开安卓小喵白板客户端，点击进入“加入会议”界面，输入会议ID与密码，即可加入。'),(183,327531151631,'李磊的会议',5,0,0,0,'4eb0aaa2ada1bcc120049c88c99925a2',1490684401025,1490688001025,2,-1,'你好!\n	李磊好好 正在邀请你加入白板会议。\n	主题：李磊的会议\n	时间：今天,下午3:00 GMT+8\n	会议ID： 0 \n	密码：a0000000 \n	加入方式：打开安卓小喵白板客户端，点击进入“加入会议”界面，输入会议ID与密码，即可加入。'),(184,327552621955,'李磊的会议',5,0,0,0,'4eb0aaa2ada1bcc120049c88c99925a2',1490684448818,1490688048818,2,-1,'你好!\n	李磊好好 正在邀请你加入白板会议。\n	主题：李磊的会议\n	时间：今天,下午3:00 GMT+8\n	会议ID： 0 \n	密码：a0000000 \n	加入方式：打开安卓小喵白板客户端，点击进入“加入会议”界面，输入会议ID与密码，即可加入。'),(185,327567988617,'李磊的会议',5,0,0,0,'4eb0aaa2ada1bcc120049c88c99925a2',1490684448846,1490688048846,2,-1,'你好!\n	李磊好好 正在邀请你加入白板会议。\n	主题：李磊的会议\n	时间：今天,下午3:00 GMT+8\n	会议ID： 0 \n	密码：a0000000 \n	加入方式：打开安卓小喵白板客户端，点击进入“加入会议”界面，输入会议ID与密码，即可加入。'),(186,327633479299,'李磊的会议',5,0,0,0,'4eb0aaa2ada1bcc120049c88c99925a2',1490684420567,1490688020567,2,-1,'你好!\n	李磊好好 正在邀请你加入白板会议。\n	主题：李磊的会议\n	时间：今天,下午3:00 GMT+8\n	会议ID： 0 \n	密码：a0000000 \n	加入方式：打开安卓小喵白板客户端，点击进入“加入会议”界面，输入会议ID与密码，即可加入。'),(187,327662390914,'李磊的会议',5,0,0,0,'4eb0aaa2ada1bcc120049c88c99925a2',1490684406432,1490688006432,2,-1,'你好!\n	李磊好好 正在邀请你加入白板会议。\n	主题：李磊的会议\n	时间：今天,下午3:00 GMT+8\n	会议ID： 0 \n	密码：a0000000 \n	加入方式：打开安卓小喵白板客户端，点击进入“加入会议”界面，输入会议ID与密码，即可加入。'),(188,327673995917,'李磊的会议',5,0,0,0,'4eb0aaa2ada1bcc120049c88c99925a2',1490684437131,1490688037131,2,-1,'你好!\n	李磊好好 正在邀请你加入白板会议。\n	主题：李磊的会议\n	时间：今天,下午3:00 GMT+8\n	会议ID： 0 \n	密码：a0000000 \n	加入方式：打开安卓小喵白板客户端，点击进入“加入会议”界面，输入会议ID与密码，即可加入。'),(189,327719500810,'李磊的会议',5,0,0,0,'4eb0aaa2ada1bcc120049c88c99925a2',1490684432600,1490688032600,2,-1,'你好!\n	李磊好好 正在邀请你加入白板会议。\n	主题：李磊的会议\n	时间：今天,下午3:00 GMT+8\n	会议ID： 0 \n	密码：a0000000 \n	加入方式：打开安卓小喵白板客户端，点击进入“加入会议”界面，输入会议ID与密码，即可加入。'),(190,327772928643,'李磊的会议',5,0,0,0,'4eb0aaa2ada1bcc120049c88c99925a2',1490684430046,1490688030046,2,-1,'你好!\n	李磊好好 正在邀请你加入白板会议。\n	主题：李磊的会议\n	时间：今天,下午3:00 GMT+8\n	会议ID： 0 \n	密码：a0000000 \n	加入方式：打开安卓小喵白板客户端，点击进入“加入会议”界面，输入会议ID与密码，即可加入。'),(191,327826647938,'李磊的会议',5,0,0,0,'4eb0aaa2ada1bcc120049c88c99925a2',1490688029723,1490691629723,2,-1,'你好!\n	李磊好好 正在邀请你加入白板会议。\n	主题：李磊的会议\n	时间：今天,下午4:00 GMT+8\n	会议ID： 0 \n	密码：a0000000 \n	加入方式：打开安卓小喵白板客户端，点击进入“加入会议”界面，输入会议ID与密码，即可加入。'),(192,327833725963,'李磊的会议',5,0,0,0,'4eb0aaa2ada1bcc120049c88c99925a2',1490688016351,1490691616351,2,-1,'你好!\n	李磊好好 正在邀请你加入白板会议。\n	主题：李磊的会议\n	时间：今天,下午4:00 GMT+8\n	会议ID： 0 \n	密码：a0000000 \n	加入方式：打开安卓小喵白板客户端，点击进入“加入会议”界面，输入会议ID与密码，即可加入。'),(193,327834117893,'李磊的会议',5,0,0,0,'4eb0aaa2ada1bcc120049c88c99925a2',1490688024138,1490691624138,2,-1,'你好!\n	李磊好好 正在邀请你加入白板会议。\n	主题：李磊的会议\n	时间：今天,下午4:00 GMT+8\n	会议ID： 0 \n	密码：a0000000 \n	加入方式：打开安卓小喵白板客户端，点击进入“加入会议”界面，输入会议ID与密码，即可加入。'),(194,327857181833,'李磊的会议',5,0,0,0,'4eb0aaa2ada1bcc120049c88c99925a2',1490688028259,1490691628259,2,-1,'你好!\n	李磊好好 正在邀请你加入白板会议。\n	主题：李磊的会议\n	时间：今天,下午4:00 GMT+8\n	会议ID： 0 \n	密码：a0000000 \n	加入方式：打开安卓小喵白板客户端，点击进入“加入会议”界面，输入会议ID与密码，即可加入。'),(195,327921550725,'李磊的会议',5,0,0,0,'4eb0aaa2ada1bcc120049c88c99925a2',1490688051050,1490691651050,2,-1,'你好!\n	李磊好好 正在邀请你加入白板会议。\n	主题：李磊的会议\n	时间：今天,下午4:00 GMT+8\n	会议ID： 0 \n	密码：a0000000 \n	加入方式：打开安卓小喵白板客户端，点击进入“加入会议”界面，输入会议ID与密码，即可加入。'),(196,327981919372,'李磊的会议',5,0,0,0,'4eb0aaa2ada1bcc120049c88c99925a2',1490688011441,1490691611441,2,-1,'你好!\n	李磊好好 正在邀请你加入白板会议。\n	主题：李磊的会议\n	时间：今天,下午4:00 GMT+8\n	会议ID： 0 \n	密码：a0000000 \n	加入方式：打开安卓小喵白板客户端，点击进入“加入会议”界面，输入会议ID与密码，即可加入。'),(197,329283603205,'李磊的会议',5,0,0,0,'4eb0aaa2ada1bcc120049c88c99925a2',1490698812181,1490702412181,2,-1,'你好!\n	李磊好好 正在邀请你加入白板会议。\n	主题：李磊的会议\n	时间：今天,下午7:00 GMT+8\n	会议ID： 0 \n	密码：a0000000 \n	加入方式：打开安卓小喵白板客户端，点击进入“加入会议”界面，输入会议ID与密码，即可加入。'),(198,329313224322,'李磊的会议不好喝',5,0,0,0,'4eb0aaa2ada1bcc120049c88c99925a2',1490698859129,1490702459129,2,-1,'你好!\n	李磊好好 正在邀请你加入白板会议。\n	主题：李磊的会议不好喝\n	时间：今天,下午7:00 GMT+8\n	会议ID： 0 \n	密码：a0000000 \n	加入方式：打开安卓小喵白板客户端，点击进入“加入会议”界面，输入会议ID与密码，即可加入。'),(199,336436344712,'李磊的会议',5,0,0,0,'4eb0aaa2ada1bcc120049c88c99925a2',1490752832339,1490756432339,2,-1,'你好!\n	李磊好好 正在邀请你加入白板会议。\n	主题：李磊的会议\n	时间：今天,上午10:00 GMT+8\n	会议ID： 0 \n	密码：a0000000 \n	加入方式：打开安卓小喵白板客户端，点击进入“加入会议”界面，输入会议ID与密码，即可加入。'),(200,336666010114,'李磊的会议',5,0,0,0,'4eb0aaa2ada1bcc120049c88c99925a2',1490756426609,1490760026609,2,-1,'你好!\n	李磊好好 正在邀请你加入白板会议。\n	主题：李磊的会议\n	时间：今天,上午11:00 GMT+8\n	会议ID： 0 \n	密码：a0000000 \n	加入方式：打开安卓小喵白板客户端，点击进入“加入会议”界面，输入会议ID与密码，即可加入。'),(201,336721845903,'李磊的会议',5,0,0,0,'4eb0aaa2ada1bcc120049c88c99925a2',1490756442826,1490760042826,2,-1,'你好!\n	李磊好好 正在邀请你加入白板会议。\n	主题：李磊的会议\n	时间：今天,上午11:00 GMT+8\n	会议ID： 0 \n	密码：a0000000 \n	加入方式：打开安卓小喵白板客户端，点击进入“加入会议”界面，输入会议ID与密码，即可加入。'),(202,336966891656,'李磊的会议',5,0,0,0,'4eb0aaa2ada1bcc120049c88c99925a2',1490756437194,1490760037194,2,-1,'你好!\n	李磊好好 正在邀请你加入白板会议。\n	主题：李磊的会议\n	时间：今天,上午11:00 GMT+8\n	会议ID： 0 \n	密码：a0000000 \n	加入方式：打开安卓小喵白板客户端，点击进入“加入会议”界面，输入会议ID与密码，即可加入。'),(203,338953968141,'李磊的会议',5,0,0,0,'4eb0aaa2ada1bcc120049c88c99925a2',1490774421343,1490778021343,2,-1,'你好!\n	李磊好好 正在邀请你加入白板会议。\n	主题：李磊的会议\n	时间：今天,下午4:00 GMT+8\n	会议ID： 0 \n	密码：a0000000 \n	加入方式：打开安卓小喵白板客户端，点击进入“加入会议”界面，输入会议ID与密码，即可加入。'),(204,339567904526,'李磊的会议',5,0,0,0,'4eb0aaa2ada1bcc120049c88c99925a2',1490778017654,1490781617654,2,-1,'你好!\n	李磊好好 正在邀请你加入白板会议。\n	主题：李磊的会议\n	时间：今天,下午5:00 GMT+8\n	会议ID： 0 \n	密码：a0000000 \n	加入方式：打开安卓小喵白板客户端，点击进入“加入会议”界面，输入会议ID与密码，即可加入。'),(205,339603403661,'李磊的会议',5,0,0,0,'4eb0aaa2ada1bcc120049c88c99925a2',1490778055038,1490781655038,2,-1,'你好!\n	李磊好好 正在邀请你加入白板会议。\n	主题：李磊的会议\n	时间：今天,下午5:00 GMT+8\n	会议ID： 0 \n	密码：a0000000 \n	加入方式：打开安卓小喵白板客户端，点击进入“加入会议”界面，输入会议ID与密码，即可加入。'),(206,339857227916,'李磊的会议',5,1,1,0,'4eb0aaa2ada1bcc120049c88c99925a2',1490781658040,1490785258040,2,-1,'你好!\n	李磊好好 正在邀请你加入白板会议。\n	主题：李磊的会议\n	时间：今天,下午6:00 GMT+8\n	会议ID： 0 \n	密码：a0000000 \n	加入方式：打开安卓小喵白板客户端，点击进入“加入会议”界面，输入会议ID与密码，即可加入。'),(207,339857631361,'李磊的会议',5,0,0,0,'4eb0aaa2ada1bcc120049c88c99925a2',1490781647020,1490785247020,2,-1,'你好!\n	李磊好好 正在邀请你加入白板会议。\n	主题：李磊的会议\n	时间：今天,下午6:00 GMT+8\n	会议ID： 0 \n	密码：a0000000 \n	加入方式：打开安卓小喵白板客户端，点击进入“加入会议”界面，输入会议ID与密码，即可加入。'),(208,339860976138,'李磊的会议',5,0,0,0,'4eb0aaa2ada1bcc120049c88c99925a2',1490781627298,1490785227298,2,-1,'你好!\n	李磊好好 正在邀请你加入白板会议。\n	主题：李磊的会议\n	时间：今天,下午6:00 GMT+8\n	会议ID： 0 \n	密码：a0000000 \n	加入方式：打开安卓小喵白板客户端，点击进入“加入会议”界面，输入会议ID与密码，即可加入。'),(209,339895874191,'李磊的会议',5,0,0,0,'4eb0aaa2ada1bcc120049c88c99925a2',1490781659913,1490785259913,2,-1,'你好!\n	李磊v还看过 正在邀请你加入白板会议。\n	主题：李磊的会议\n	时间：今天,下午6:00 GMT+8\n	会议ID： 0 \n	密码：a0000000 \n	加入方式：打开安卓小喵白板客户端，点击进入“加入会议”界面，输入会议ID与密码，即可加入。'),(210,339935995784,'李磊的会议',5,0,0,0,'4eb0aaa2ada1bcc120049c88c99925a2',1490781613418,1490785213418,2,-1,'你好!\n	李磊v还看过 正在邀请你加入白板会议。\n	主题：李磊的会议\n	时间：今天,下午6:00 GMT+8\n	会议ID： 0 \n	密码：a0000000 \n	加入方式：打开安卓小喵白板客户端，点击进入“加入会议”界面，输入会议ID与密码，即可加入。'),(211,340055142158,'李磊的会议',5,0,0,0,'4eb0aaa2ada1bcc120049c88c99925a2',1490781644288,1490785244288,2,-1,'你好!\n	李磊v还看过 正在邀请你加入白板会议。\n	主题：李磊的会议\n	时间：今天,下午6:00 GMT+8\n	会议ID： 0 \n	密码：a0000000 \n	加入方式：打开安卓小喵白板客户端，点击进入“加入会议”界面，输入会议ID与密码，即可加入。'),(212,340076106381,'李磊的会议',5,1,1,0,'4eb0aaa2ada1bcc120049c88c99925a2',1490781623896,1490785223896,2,-1,'你好!\n	李磊v还看过 正在邀请你加入白板会议。\n	主题：李磊的会议\n	时间：今天,下午6:00 GMT+8\n	会议ID： 0 \n	密码：a0000000 \n	加入方式：打开安卓小喵白板客户端，点击进入“加入会议”界面，输入会议ID与密码，即可加入。'),(213,340107783303,'李磊的会议',5,0,0,0,'4eb0aaa2ada1bcc120049c88c99925a2',1490781631825,1490785231825,2,-1,'你好!\n	李磊v还看过 正在邀请你加入白板会议。\n	主题：李磊的会议\n	时间：今天,下午6:00 GMT+8\n	会议ID： 0 \n	密码：a0000000 \n	加入方式：打开安卓小喵白板客户端，点击进入“加入会议”界面，输入会议ID与密码，即可加入。'),(214,340197879566,'李磊的会议',5,0,0,0,'4eb0aaa2ada1bcc120049c88c99925a2',1490781619157,1490785219157,2,-1,'你好!\n	李磊v还看过 正在邀请你加入白板会议。\n	主题：李磊的会议\n	时间：今天,下午6:00 GMT+8\n	会议ID： 0 \n	密码：a0000000 \n	加入方式：打开安卓小喵白板客户端，点击进入“加入会议”界面，输入会议ID与密码，即可加入。'),(215,340256372235,'李磊的会议',5,0,0,0,'4eb0aaa2ada1bcc120049c88c99925a2',1490785256369,1490788856369,2,-1,'你好!\n	李磊v还看过 正在邀请你加入白板会议。\n	主题：李磊的会议\n	时间：今天,下午7:00 GMT+8\n	会议ID： 0 \n	密码：a0000000 \n	加入方式：打开安卓小喵白板客户端，点击进入“加入会议”界面，输入会议ID与密码，即可加入。'),(216,350103176196,'李磊的会议',5,0,0,0,'4eb0aaa2ada1bcc120049c88c99925a2',1490860804547,1490864404547,2,-1,'你好!\n	李磊v还看过 正在邀请你加入白板会议。\n	主题：李磊的会议\n	时间：今天,下午4:00 GMT+8\n	会议ID： 0 \n	密码：a0000000 \n	加入方式：打开安卓小喵白板客户端，点击进入“加入会议”界面，输入会议ID与密码，即可加入。'),(217,350740843149,'fsfsfs',4,1,1,0,'4eb0aaa2ada1bcc120049c88c99925a2',1490864407372,1490868007372,2,-1,'你好!\n	Dialniao 正在邀请你加入白板会议。\n	主题：fsfsfs\n	时间：今天,上午9:00 GMT+8\n	会议ID： 0 \n	密码：a0000000 \n	加入方式：打开安卓小喵白板客户端，点击进入“加入会议”界面，输入会议ID与密码，即可加入。'),(218,350762135303,'fsfsfs',4,1,1,0,'4eb0aaa2ada1bcc120049c88c99925a2',1490864453780,1490868053780,2,-1,'你好!\n	Dialniao 正在邀请你加入白板会议。\n	主题：fsfsfs\n	时间：今天,上午9:00 GMT+8\n	会议ID： 0 \n	密码：a0000000 \n	加入方式：打开安卓小喵白板客户端，点击进入“加入会议”界面，输入会议ID与密码，即可加入。'),(219,350801667211,'李磊的会议',5,0,0,0,'4eb0aaa2ada1bcc120049c88c99925a2',1490864401646,1490868001646,2,-1,'你好!\n	李磊v还看过 正在邀请你加入白板会议。\n	主题：李磊的会议\n	时间：今天,下午5:00 GMT+8\n	会议ID： 0 \n	密码：a0000000 \n	加入方式：打开安卓小喵白板客户端，点击进入“加入会议”界面，输入会议ID与密码，即可加入。'),(220,350996069775,'李磊的会议',5,0,0,0,'4eb0aaa2ada1bcc120049c88c99925a2',1490868020299,1490871620299,2,-1,'你好!\n	李磊v还看过 正在邀请你加入白板会议。\n	主题：李磊的会议\n	时间：今天,下午6:00 GMT+8\n	会议ID： 0 \n	密码：a0000000 \n	加入方式：打开安卓小喵白板客户端，点击进入“加入会议”界面，输入会议ID与密码，即可加入。'),(221,351084343311,'李磊的会议',5,0,0,0,'4eb0aaa2ada1bcc120049c88c99925a2',1490868047873,1490871647873,2,-1,'你好!\n	李磊v还看过 正在邀请你加入白板会议。\n	主题：李磊的会议\n	时间：今天,下午6:00 GMT+8\n	会议ID： 0 \n	密码：a0000000 \n	加入方式：打开安卓小喵白板客户端，点击进入“加入会议”界面，输入会议ID与密码，即可加入。'),(222,351112075527,'fsfsfs',4,1,1,0,'4eb0aaa2ada1bcc120049c88c99925a2',1490868027750,1490871627750,2,-1,'你好!\n	Dialniao 正在邀请你加入白板会议。\n	主题：fsfsfs\n	时间：今天,上午10:00 GMT+8\n	会议ID： 0 \n	密码：a0000000 \n	加入方式：打开安卓小喵白板客户端，点击进入“加入会议”界面，输入会议ID与密码，即可加入。'),(223,351205837444,'fsfsfs',4,1,1,0,'4eb0aaa2ada1bcc120049c88c99925a2',1490868040239,1490871640239,2,-1,'你好!\n	Dialniao 正在邀请你加入白板会议。\n	主题：fsfsfs\n	时间：今天,上午10:00 GMT+8\n	会议ID： 0 \n	密码：a0000000 \n	加入方式：打开安卓小喵白板客户端，点击进入“加入会议”界面，输入会议ID与密码，即可加入。'),(224,351321731585,'fsfsfs',4,1,1,0,'4eb0aaa2ada1bcc120049c88c99925a2',1490871645573,1490875245573,2,-1,'你好!\n	Dialniao 正在邀请你加入白板会议。\n	主题：fsfsfs\n	时间：今天,上午11:00 GMT+8\n	会议ID： 0 \n	密码：a0000000 \n	加入方式：打开安卓小喵白板客户端，点击进入“加入会议”界面，输入会议ID与密码，即可加入。'),(225,351336868495,'李磊的会议',5,0,0,0,'4eb0aaa2ada1bcc120049c88c99925a2',1490871642964,1490875242964,2,-1,'你好!\n	李磊v还看过 正在邀请你加入白板会议。\n	主题：李磊的会议\n	时间：今天,下午7:00 GMT+8\n	会议ID： 0 \n	密码：a0000000 \n	加入方式：打开安卓小喵白板客户端，点击进入“加入会议”界面，输入会议ID与密码，即可加入。'),(226,358539544201,'李磊的会议',5,0,0,0,'4eb0aaa2ada1bcc120049c88c99925a2',1490925633692,1490929233692,2,-1,'你好!\n	李磊v还看过 正在邀请你加入白板会议。\n	主题：李磊的会议\n	时间：今天,上午10:00 GMT+8\n	会议ID： 0 \n	密码：a0000000 \n	加入方式：打开安卓小喵白板客户端，点击进入“加入会议”界面，输入会议ID与密码，即可加入。'),(227,358556354052,'fsfsfs',4,1,1,0,'4eb0aaa2ada1bcc120049c88c99925a2',1490925647079,1490929247079,2,-1,'你好!\n	Dialniao 正在邀请你加入白板会议。\n	主题：fsfsfs\n	时间：今天,上午2:00 GMT+8\n	会议ID： 0 \n	密码：a0000000 \n	加入方式：打开安卓小喵白板客户端，点击进入“加入会议”界面，输入会议ID与密码，即可加入。'),(228,358596433795,'fsfsfs',4,1,1,0,'4eb0aaa2ada1bcc120049c88c99925a2',1490925600190,1490929200190,2,-1,'你好!\n	Dialniao 正在邀请你加入白板会议。\n	主题：fsfsfs\n	时间：今天,上午2:00 GMT+8\n	会议ID： 0 \n	密码：a0000000 \n	加入方式：打开安卓小喵白板客户端，点击进入“加入会议”界面，输入会议ID与密码，即可加入。'),(229,358652298503,'fsfsfs',4,1,1,0,'4eb0aaa2ada1bcc120049c88c99925a2',1490925616631,1490929216631,2,-1,'你好!\n	Dialniao 正在邀请你加入白板会议。\n	主题：fsfsfs\n	时间：今天,上午2:00 GMT+8\n	会议ID： 0 \n	密码：a0000000 \n	加入方式：打开安卓小喵白板客户端，点击进入“加入会议”界面，输入会议ID与密码，即可加入。'),(230,358662440078,'fsfsfs',4,1,1,0,'4eb0aaa2ada1bcc120049c88c99925a2',1490925635894,1490929235894,2,-1,'你好!\n	Dialniao 正在邀请你加入白板会议。\n	主题：fsfsfs\n	时间：今天,上午2:00 GMT+8\n	会议ID： 0 \n	密码：a0000000 \n	加入方式：打开安卓小喵白板客户端，点击进入“加入会议”界面，输入会议ID与密码，即可加入。'),(231,358731154560,'fsfsfs',4,1,1,0,'4eb0aaa2ada1bcc120049c88c99925a2',1490929232670,1490932832670,2,-1,'你好!\n	Dialniao 正在邀请你加入白板会议。\n	主题：fsfsfs\n	时间：今天,上午3:00 GMT+8\n	会议ID： 0 \n	密码：a0000000 \n	加入方式：打开安卓小喵白板客户端，点击进入“加入会议”界面，输入会议ID与密码，即可加入。'),(232,358739310212,'fsfsfs',4,1,1,0,'4eb0aaa2ada1bcc120049c88c99925a2',1490929236321,1490932836321,2,-1,'你好!\n	Dialniao 正在邀请你加入白板会议。\n	主题：fsfsfs\n	时间：今天,上午3:00 GMT+8\n	会议ID： 0 \n	密码：a0000000 \n	加入方式：打开安卓小喵白板客户端，点击进入“加入会议”界面，输入会议ID与密码，即可加入。'),(233,358772646285,'fsfsfs',4,1,1,0,'4eb0aaa2ada1bcc120049c88c99925a2',1490929256845,1490932856845,2,-1,'你好!\n	Dialniao 正在邀请你加入白板会议。\n	主题：fsfsfs\n	时间：今天,上午3:00 GMT+8\n	会议ID： 0 \n	密码：a0000000 \n	加入方式：打开安卓小喵白板客户端，点击进入“加入会议”界面，输入会议ID与密码，即可加入。'),(234,359876249730,'fsfsfs',4,1,1,0,'4eb0aaa2ada1bcc120049c88c99925a2',1490936454462,1490940054462,2,-1,'你好!\n	Dialniao 正在邀请你加入白板会议。\n	主题：fsfsfs\n	时间：今天,上午5:00 GMT+8\n	会议ID： 0 \n	密码：a0000000 \n	加入方式：打开安卓小喵白板客户端，点击进入“加入会议”界面，输入会议ID与密码，即可加入。'),(235,359896251788,'fsfsfs',4,1,1,0,'4eb0aaa2ada1bcc120049c88c99925a2',1490936430726,1490940030726,2,-1,'你好!\n	Dialniao 正在邀请你加入白板会议。\n	主题：fsfsfs\n	时间：今天,上午5:00 GMT+8\n	会议ID： 0 \n	密码：a0000000 \n	加入方式：打开安卓小喵白板客户端，点击进入“加入会议”界面，输入会议ID与密码，即可加入。'),(236,359898679048,'fsfsfs',4,1,1,0,'4eb0aaa2ada1bcc120049c88c99925a2',1490936449578,1490940049578,2,-1,'你好!\n	Dialniao 正在邀请你加入白板会议。\n	主题：fsfsfs\n	时间：今天,上午5:00 GMT+8\n	会议ID： 0 \n	密码：a0000000 \n	加入方式：打开安卓小喵白板客户端，点击进入“加入会议”界面，输入会议ID与密码，即可加入。'),(237,361773710981,'Dialniao的会议',4,1,1,0,'4eb0aaa2ada1bcc120049c88c99925a2',1490949118231,1490952718231,2,-1,''),(238,361829912455,'Dialniao的会议',4,1,1,0,'4eb0aaa2ada1bcc120049c88c99925a2',1490949557329,1490953157329,2,-1,''),(239,361847788167,'Dialniao的会议',4,1,1,0,'4eb0aaa2ada1bcc120049c88c99925a2',1490949696984,1490953296984,2,-1,''),(240,362303197964,'fsfsfs',4,1,1,0,'4eb0aaa2ada1bcc120049c88c99925a2',1490954454822,1490958054822,2,-1,'你好!\n	Dialniao 正在邀请你加入白板会议。\n	主题：fsfsfs\n	时间：今天,上午10:00 GMT+8\n	会议ID： 0 \n	密码：a0000000 \n	加入方式：打开安卓小喵白板客户端，点击进入“加入会议”界面，输入会议ID与密码，即可加入。'),(241,369566700551,'fsfsfs',4,1,1,0,'4eb0aaa2ada1bcc120049c88c99925a2',1490972433834,1490976033834,2,-1,'你好!\n	Dialniao 正在邀请你加入白板会议。\n	主题：fsfsfs\n	时间：今天,下午3:00 GMT+8\n	会议ID： 0 \n	密码：a0000000 \n	加入方式：打开安卓小喵白板客户端，点击进入“加入会议”界面，输入会议ID与密码，即可加入。'),(242,370016076552,'李磊的会议',5,0,0,0,'4eb0aaa2ada1bcc120049c88c99925a2',1491015654797,1491019254797,2,-1,'你好!\n	李磊v还看过 正在邀请你加入白板会议。\n	主题：李磊的会议\n	时间：今天,上午11:00 GMT+8\n	会议ID： 0 \n	密码：a0000000 \n	加入方式：打开安卓小喵白板客户端，点击进入“加入会议”界面，输入会议ID与密码，即可加入。'),(243,370033378182,'fsfsfs',4,1,1,0,'4eb0aaa2ada1bcc120049c88c99925a2',1490976019733,1490979619733,2,-1,'你好!\n	Dialniao 正在邀请你加入白板会议。\n	主题：fsfsfs\n	时间：今天,下午4:00 GMT+8\n	会议ID： 0 \n	密码：a0000000 \n	加入方式：打开安卓小喵白板客户端，点击进入“加入会议”界面，输入会议ID与密码，即可加入。'),(244,382357865352,'李磊的会议',5,0,0,0,'4eb0aaa2ada1bcc120049c88c99925a2',1491112854006,1491116454006,2,-1,'你好!\n	李磊v还看过 正在邀请你加入白板会议。\n	主题：李磊的会议\n	时间：今天,下午2:00 GMT+8\n	会议ID： 0 \n	密码：a0000000 \n	加入方式：打开安卓小喵白板客户端，点击进入“加入会议”界面，输入会议ID与密码，即可加入。'),(246,382441586953,'李磊的会议',5,0,0,0,'4eb0aaa2ada1bcc120049c88c99925a2',1491112848104,1491116448104,2,-1,'你好!\n	李磊v还看过 正在邀请你加入白板会议。\n	主题：李磊的会议\n	时间：今天,下午2:00 GMT+8\n	会议ID： 0 \n	密码：a0000000 \n	加入方式：打开安卓小喵白板客户端，点击进入“加入会议”界面，输入会议ID与密码，即可加入。'),(247,382494624646,'李磊v还看过的会议',5,0,0,0,'4eb0aaa2ada1bcc120049c88c99925a2',1491111642441,1491115242441,2,-1,''),(248,382806266889,'李磊v还看过的会议',5,0,0,0,'4eb0aaa2ada1bcc120049c88c99925a2',1491114077075,1491117677075,2,-1,''),(249,383022710535,'Dialniao的会议',4,1,1,0,'4eb0aaa2ada1bcc120049c88c99925a2',1491115770413,1491119370413,2,-1,''),(250,383049879053,'Dialniao的会议',4,1,1,0,'4eb0aaa2ada1bcc120049c88c99925a2',1491115982664,1491119582664,2,-1,''),(251,383066198663,'Dialniao的会议',4,1,1,0,'4eb0aaa2ada1bcc120049c88c99925a2',1491116110122,1491119710122,2,-1,''),(252,392497208836,'Dialniao的会议',4,1,1,0,'4eb0aaa2ada1bcc120049c88c99925a2',1491135932264,1491139532264,2,-1,''),(253,393086710914,'fsfsfs',4,0,0,0,'4eb0aaa2ada1bcc120049c88c99925a2',1491141617696,1491145217696,2,-1,'你好!\n	Dialniao 正在邀请你加入白板会议。\n	主题：fsfsfs\n	时间：今天,下午2:00 GMT+8\n	会议ID： 0 \n	密码：a0000000 \n	加入方式：打开安卓小喵白板客户端，点击进入“加入会议”界面，输入会议ID与密码，即可加入。'),(254,393726786182,'Dialniao的会议',4,1,1,0,'4eb0aaa2ada1bcc120049c88c99925a2',1491145538260,1491149138260,2,-1,''),(255,393788518019,'Dialniao的会议',4,1,1,0,'4eb0aaa2ada1bcc120049c88c99925a2',1491146020507,1491149620507,2,-1,''),(256,393825687695,'Dialniao的会议',4,1,1,0,'4eb0aaa2ada1bcc120049c88c99925a2',1491146310916,1491149910916,2,-1,''),(257,393860247554,'Dialniao的会议',4,1,1,0,'4eb0aaa2ada1bcc120049c88c99925a2',1491146580880,1491150180880,2,-1,''),(258,395999559680,'Dialniao的会议',4,1,1,0,'4eb0aaa2ada1bcc120049c88c99925a2',1491148991929,1491152591929,2,-1,''),(259,396003143561,'Dialniao的会议',4,1,1,0,'4eb0aaa2ada1bcc120049c88c99925a2',1491149019930,1491152619930,2,-1,''),(260,396008278405,'Dialniao的会议',4,1,1,0,'4eb0aaa2ada1bcc120049c88c99925a2',1491149060039,1491152660039,2,-1,''),(261,396204760206,'李磊v还看过的会议',5,0,0,0,'4eb0aaa2ada1bcc120049c88c99925a2',1491218753275,1491222353275,2,-1,''),(262,396206152195,'李磊的会议',5,0,0,0,'4eb0aaa2ada1bcc120049c88c99925a2',1491220804170,1491224404170,2,-1,'你好!\n	李磊v还看过 正在邀请你加入白板会议。\n	主题：李磊的会议\n	时间：今天,下午8:00 GMT+8\n	会议ID： 0 \n	密码：a0000000 \n	加入方式：打开安卓小喵白板客户端，点击进入“加入会议”界面，输入会议ID与密码，即可加入。'),(263,396243624960,'李磊的会议',5,0,0,0,'4eb0aaa2ada1bcc120049c88c99925a2',1491220856855,1491224456855,2,-1,'你好!\n	李磊v还看过 正在邀请你加入白板会议。\n	主题：李磊的会议\n	时间：今天,下午8:00 GMT+8\n	会议ID： 0 \n	密码：a0000000 \n	加入方式：打开安卓小喵白板客户端，点击进入“加入会议”界面，输入会议ID与密码，即可加入。'),(264,396246491137,'李磊的会议',5,0,0,0,'4eb0aaa2ada1bcc120049c88c99925a2',1491220819303,1491224419303,2,-1,'你好!\n	李磊v还看过 正在邀请你加入白板会议。\n	主题：李磊的会议\n	时间：今天,下午8:00 GMT+8\n	会议ID： 0 \n	密码：a0000000 \n	加入方式：打开安卓小喵白板客户端，点击进入“加入会议”界面，输入会议ID与密码，即可加入。'),(265,396274513674,'李磊的会议',5,0,0,0,'4eb0aaa2ada1bcc120049c88c99925a2',1491220858204,1491224458204,2,-1,'你好!\n	李磊v还看过 正在邀请你加入白板会议。\n	主题：李磊的会议\n	时间：今天,下午8:00 GMT+8\n	会议ID： 0 \n	密码：a0000000 \n	加入方式：打开安卓小喵白板客户端，点击进入“加入会议”界面，输入会议ID与密码，即可加入。'),(266,396405053189,'李磊的会议',5,0,0,0,'4eb0aaa2ada1bcc120049c88c99925a2',1491220857931,1491224457931,2,-1,'你好!\n	李磊v还看过 正在邀请你加入白板会议。\n	主题：李磊的会议\n	时间：今天,下午8:00 GMT+8\n	会议ID： 0 \n	密码：a0000000 \n	加入方式：打开安卓小喵白板客户端，点击进入“加入会议”界面，输入会议ID与密码，即可加入。'),(267,396492136333,'Dialniao的会议',4,1,1,0,'4eb0aaa2ada1bcc120049c88c99925a2',1491152840126,1491156440127,2,-1,''),(268,396547814150,'Dialniao的会议',4,1,1,0,'4eb0aaa2ada1bcc120049c88c99925a2',1491153275081,1491156875081,2,-1,''),(269,396556649741,'Dialniao的会议',4,1,1,0,'4eb0aaa2ada1bcc120049c88c99925a2',1491153344122,1491156944122,2,-1,''),(270,396572848647,'李磊v还看过的会议',5,0,0,0,'4eb0aaa2ada1bcc120049c88c99925a2',1491221628823,1491225228823,2,-1,''),(271,396621990926,'李磊的会议',5,1,1,0,'4eb0aaa2ada1bcc120049c88c99925a2',1491224412887,1491228012887,2,-1,'你好!\n	李磊v还看过 正在邀请你加入白板会议。\n	主题：李磊的会议\n	时间：今天,下午9:00 GMT+8\n	会议ID： 0 \n	密码：a0000000 \n	加入方式：打开安卓小喵白板客户端，点击进入“加入会议”界面，输入会议ID与密码，即可加入。'),(272,397522487425,'李磊v还看过的会议',5,0,0,0,'4eb0aaa2ada1bcc120049c88c99925a2',1491229047846,1491232647846,2,-1,''),(273,397599573639,'Dialniao的会议',4,1,1,0,'4eb0aaa2ada1bcc120049c88c99925a2',1491161491912,1491165091912,2,-1,''),(274,397852905871,'李磊v还看过的会议',5,0,0,0,'4eb0aaa2ada1bcc120049c88c99925a2',1491231629428,1491235229429,2,-1,''),(275,404234193935,'李磊v还看过的会议',5,0,0,0,'4eb0aaa2ada1bcc120049c88c99925a2',1491281483342,1491285083342,2,-1,''),(276,404269842181,'Dialniao的会议',4,1,1,0,'4eb0aaa2ada1bcc120049c88c99925a2',1491281761544,1491285361544,2,-1,''),(277,404270231566,'李磊v还看过的会议',5,0,0,0,'4eb0aaa2ada1bcc120049c88c99925a2',1491281764928,1491285364928,2,-1,''),(278,408208610058,'Dialniao的会议',4,1,1,0,'4eb0aaa2ada1bcc120049c88c99925a2',1491309655268,1491313255268,2,-1,''),(279,408229071237,'Dialniao的会议',4,1,1,0,'4eb0aaa2ada1bcc120049c88c99925a2',1491309815235,1491313415235,2,-1,''),(280,408263137793,'Dialniao的会议',4,1,1,0,'4eb0aaa2ada1bcc120049c88c99925a2',1491310081318,1491313681318,2,-1,''),(281,408292351374,'Dialniao的会议',4,1,1,0,'4eb0aaa2ada1bcc120049c88c99925a2',1491310309525,1491313909525,2,-1,''),(282,413675303053,'李磊v还看过的会议',5,0,0,0,'4eb0aaa2ada1bcc120049c88c99925a2',1491355241939,1491358841939,2,-1,''),(283,413716256141,'李磊v还看过的会议',5,0,0,0,'4eb0aaa2ada1bcc120049c88c99925a2',1491355561842,1491359161843,2,-1,''),(284,413788517383,'李磊v还看过的会议',5,0,0,0,'4eb0aaa2ada1bcc120049c88c99925a2',1491356126350,1491359726350,2,-1,''),(285,413819275529,'李磊v还看过的会议',5,0,0,0,'4eb0aaa2ada1bcc120049c88c99925a2',1491356366632,1491359966632,2,-1,''),(286,413838844167,'李磊v还看过的会议',5,0,0,0,'4eb0aaa2ada1bcc120049c88c99925a2',1491356519454,1491360119454,2,-1,''),(287,413975869580,'李磊v还看过的会议',5,0,0,0,'4eb0aaa2ada1bcc120049c88c99925a2',1491357590014,1491361190014,2,-1,''),(288,414158225929,'李磊v还看过的会议',5,0,0,0,'4eb0aaa2ada1bcc120049c88c99925a2',1491359014657,1491362614657,2,-1,''),(289,415870171266,'Dialniao的会议',4,1,1,0,'4eb0aaa2ada1bcc120049c88c99925a2',1491368911149,1491372511149,2,-1,''),(290,415906965388,'Dialniao的会议',4,1,1,0,'4eb0aaa2ada1bcc120049c88c99925a2',1491369198741,1491372798741,2,-1,''),(291,415910584719,'Dialniao的会议',4,1,1,0,'4eb0aaa2ada1bcc120049c88c99925a2',1491369227040,1491372827041,2,-1,''),(292,415963914372,'Dialniao的会议',4,1,1,0,'4eb0aaa2ada1bcc120049c88c99925a2',1491369643656,1491373243656,2,-1,''),(293,415968236929,'Dialniao的会议',4,1,1,0,'4eb0aaa2ada1bcc120049c88c99925a2',1491369677440,1491373277440,2,-1,''),(294,415969390986,'Dialniao的会议',4,1,1,0,'4eb0aaa2ada1bcc120049c88c99925a2',1491369686453,1491373286453,2,-1,''),(295,415976874883,'Dialniao的会议',4,1,1,0,'4eb0aaa2ada1bcc120049c88c99925a2',1491369744894,1491373344894,2,-1,''),(296,416274283018,'Dialniao的会议',4,1,1,0,'4eb0aaa2ada1bcc120049c88c99925a2',1491372068381,1491375668381,2,-1,''),(297,416319683213,'Dialniao的会议',4,1,1,0,'4eb0aaa2ada1bcc120049c88c99925a2',1491372423088,1491376023088,2,-1,''),(298,416337670666,'Dialniao的会议',4,1,1,0,'4eb0aaa2ada1bcc120049c88c99925a2',1491372563622,1491376163622,2,-1,''),(299,416347752591,'Dialniao的会议',4,1,1,0,'4eb0aaa2ada1bcc120049c88c99925a2',1491372642355,1491376242355,2,-1,''),(300,416386445313,'Dialniao的会议',4,1,1,0,'4eb0aaa2ada1bcc120049c88c99925a2',1491372944668,1491376544668,2,-1,''),(301,416416556167,'Dialniao的会议',4,1,1,0,'4eb0aaa2ada1bcc120049c88c99925a2',1491373179897,1491376779897,2,-1,''),(302,416418593287,'Dialniao的会议',4,1,1,0,'4eb0aaa2ada1bcc120049c88c99925a2',1491373195827,1491376795827,2,-1,''),(303,416427283587,'Dialniao的会议',4,1,1,0,'4eb0aaa2ada1bcc120049c88c99925a2',1491373263699,1491376863699,2,-1,''),(304,416466912003,'Dialniao的会议',4,1,1,0,'4eb0aaa2ada1bcc120049c88c99925a2',1491373573268,1491377173268,2,-1,''),(305,416530047234,'Dialniao的会议',4,1,1,0,'4eb0aaa2ada1bcc120049c88c99925a2',1491374066526,1491377666526,2,-1,''),(306,416554922886,'Dialniao的会议',4,1,1,0,'4eb0aaa2ada1bcc120049c88c99925a2',1491374260861,1491377860861,2,-1,''),(307,416563514373,'Dialniao的会议',4,1,1,0,'4eb0aaa2ada1bcc120049c88c99925a2',1491374327993,1491377927994,2,-1,''),(308,416588031503,'Dialniao的会议',4,1,1,0,'4eb0aaa2ada1bcc120049c88c99925a2',1491374519526,1491378119526,2,-1,''),(309,416601606406,'Dialniao的会议',4,1,1,0,'4eb0aaa2ada1bcc120049c88c99925a2',1491374625573,1491378225573,2,-1,''),(310,416627069954,'Dialniao的会议',4,1,1,0,'4eb0aaa2ada1bcc120049c88c99925a2',1491374824514,1491378424514,2,-1,''),(311,416650791174,'Dialniao的会议',4,1,1,0,'4eb0aaa2ada1bcc120049c88c99925a2',1491375009826,1491378609826,2,-1,''),(312,416684452750,'李磊v还看过的会议',5,0,0,0,'4eb0aaa2ada1bcc120049c88c99925a2',1491378750928,1491382350928,2,-1,''),(313,416735051278,'李磊v还看过的会议',5,0,0,0,'4eb0aaa2ada1bcc120049c88c99925a2',1491379146219,1491382746219,2,-1,''),(314,416763324038,'李磊v还看过的会议',5,0,0,0,'4eb0aaa2ada1bcc120049c88c99925a2',1491379367108,1491382967108,2,-1,''),(315,416843096583,'李磊v还看过的会议',5,0,0,0,'4eb0aaa2ada1bcc120049c88c99925a2',1491379990308,1491383590308,2,-1,''),(316,416909214084,'李磊v还看过的会议',5,0,0,0,'4eb0aaa2ada1bcc120049c88c99925a2',1491380506843,1491384106844,2,-1,''),(317,416926290048,'李磊v还看过的会议',5,0,0,0,'4eb0aaa2ada1bcc120049c88c99925a2',1491380640305,1491384240306,2,-1,''),(318,416941842689,'李磊v还看过的会议',5,0,0,0,'4eb0aaa2ada1bcc120049c88c99925a2',1491380761770,1491384361770,2,-1,''),(319,417049633167,'李磊v还看过的会议',5,0,0,0,'4eb0aaa2ada1bcc120049c88c99925a2',1491381603893,1491385203893,2,-1,''),(320,417081539206,'李磊v还看过的会议',5,0,0,0,'4eb0aaa2ada1bcc120049c88c99925a2',1491381853140,1491385453140,2,-1,''),(321,417106029825,'李磊v还看过的会议',5,0,0,0,'4eb0aaa2ada1bcc120049c88c99925a2',1491382044469,1491385644469,2,-1,''),(322,417120999178,'李磊v还看过的会议',5,0,0,0,'4eb0aaa2ada1bcc120049c88c99925a2',1491382161437,1491385761438,2,-1,''),(323,417156925324,'李磊v还看过的会议',5,0,0,0,'4eb0aaa2ada1bcc120049c88c99925a2',1491382442106,1491386042106,2,-1,''),(324,417239249161,'李磊v还看过的会议',5,0,0,0,'4eb0aaa2ada1bcc120049c88c99925a2',1491383085268,1491386685268,2,-1,''),(325,417276051336,'李磊v还看过的会议',5,0,0,0,'4eb0aaa2ada1bcc120049c88c99925a2',1491383372755,1491386972755,2,-1,''),(326,417284626959,'李磊v还看过的会议',5,0,0,0,'4eb0aaa2ada1bcc120049c88c99925a2',1491383439763,1491387039763,2,-1,''),(327,417303133953,'李磊v还看过的会议',5,0,0,0,'4eb0aaa2ada1bcc120049c88c99925a2',1491383584367,1491387184367,2,-1,''),(328,417309609608,'李磊v还看过的会议',5,0,0,0,'4eb0aaa2ada1bcc120049c88c99925a2',1491383634965,1491387234965,2,-1,''),(329,417315953417,'李磊v还看过的会议',5,0,0,0,'4eb0aaa2ada1bcc120049c88c99925a2',1491383684541,1491387284541,2,-1,''),(330,417321846287,'李磊v还看过的会议',5,0,0,0,'4eb0aaa2ada1bcc120049c88c99925a2',1491383730546,1491387330547,2,-1,''),(331,417509359884,'李磊v还看过的会议',5,0,0,0,'4eb0aaa2ada1bcc120049c88c99925a2',1491385195492,1491388795492,2,-1,''),(332,417532565645,'李磊v还看过的会议',5,0,0,0,'4eb0aaa2ada1bcc120049c88c99925a2',1491385376780,1491388976781,2,-1,''),(333,417558783113,'李磊v还看过的会议',5,0,0,0,'4eb0aaa2ada1bcc120049c88c99925a2',1491385581604,1491389181604,2,-1,''),(334,417569221771,'李磊v还看过的会议',5,0,0,0,'4eb0aaa2ada1bcc120049c88c99925a2',1491385663173,1491389263173,2,-1,''),(335,417612344712,'李磊v还看过的会议',5,0,0,0,'4eb0aaa2ada1bcc120049c88c99925a2',1491386000042,1491389600042,2,-1,''),(336,417646437001,'李磊v还看过的会议',5,0,0,0,'4eb0aaa2ada1bcc120049c88c99925a2',1491386266380,1491389866380,2,-1,''),(337,417705173250,'李磊v还看过的会议',5,0,0,0,'4eb0aaa2ada1bcc120049c88c99925a2',1491386725289,1491390325289,2,-1,''),(338,417720675463,'李磊v还看过的会议',5,0,0,0,'4eb0aaa2ada1bcc120049c88c99925a2',1491386846413,1491390446414,2,-1,''),(339,417735377419,'李磊v还看过的会议',5,0,0,0,'4eb0aaa2ada1bcc120049c88c99925a2',1491386961273,1491390561280,2,-1,''),(341,417987117579,'李磊的会议',5,0,0,0,'4eb0aaa2ada1bcc120049c88c99925a2',1491390007952,1491393607952,2,-1,'你好!\n	李磊v还看过 正在邀请你加入白板会议。\n	主题：李磊的会议\n	时间：今天,下午7:00 GMT+8\n	会议ID： 0 \n	密码：a0000000 \n	加入方式：打开安卓小喵白板客户端，点击进入“加入会议”界面，输入会议ID与密码，即可加入。'),(342,418223475969,'李磊v还看过的会议',5,0,0,0,'4eb0aaa2ada1bcc120049c88c99925a2',1491390774235,1491394374235,2,-1,''),(343,418226858763,'李磊的会议',5,0,0,0,'4eb0aaa2ada1bcc120049c88c99925a2',1491393620694,1491397220694,2,-1,'你好!\n	李磊v还看过 正在邀请你加入白板会议。\n	主题：李磊的会议\n	时间：今天,下午8:00 GMT+8\n	会议ID： 0 \n	密码：a0000000 \n	加入方式：打开安卓小喵白板客户端，点击进入“加入会议”界面，输入会议ID与密码，即可加入。'),(344,418230952589,'李磊v还看过的会议',5,0,0,0,'4eb0aaa2ada1bcc120049c88c99925a2',1491390832684,1491394432684,3,-1,''),(345,418297569290,'李磊v还看过的会议',5,0,0,0,'4eb0aaa2ada1bcc120049c88c99925a2',1491391353093,1491394953093,3,-1,''),(346,418319945728,'李磊v还看过的会议',5,0,0,0,'4eb0aaa2ada1bcc120049c88c99925a2',1491391527932,1491395127932,3,-1,''),(347,418357351685,'李磊v还看过的会议',5,0,0,0,'4eb0aaa2ada1bcc120049c88c99925a2',1491391820192,1491395420193,3,-1,''),(348,418409669896,'李磊v还看过的会议',5,0,0,0,'4eb0aaa2ada1bcc120049c88c99925a2',1491392228885,1491395828885,3,-1,''),(349,418431752579,'李磊v还看过的会议',5,0,0,0,'4eb0aaa2ada1bcc120049c88c99925a2',1491392401417,1491396001418,3,-1,''),(350,418463183247,'李磊v还看过的会议',5,0,0,0,'4eb0aaa2ada1bcc120049c88c99925a2',1491392646961,1491396246961,2,-1,''),(351,418469410433,'李磊v还看过的会议',5,0,0,0,'4eb0aaa2ada1bcc120049c88c99925a2',1491392695633,1491396295633,2,-1,''),(352,418479474445,'李磊v还看过的会议',5,0,0,0,'4eb0aaa2ada1bcc120049c88c99925a2',1491392774253,1491396374253,2,-1,''),(353,418490933001,'李磊v还看过的会议',5,0,0,0,'4eb0aaa2ada1bcc120049c88c99925a2',1491392863787,1491396463787,2,-1,''),(354,418534338828,'李磊v还看过的会议',5,0,0,0,'4eb0aaa2ada1bcc120049c88c99925a2',1491393202875,1491396802875,2,-1,''),(355,419316094728,'李磊v还看过的会议',5,0,0,0,'4eb0aaa2ada1bcc120049c88c99925a2',1491399310330,1491402910331,2,-1,''),(356,419317459725,'李磊的会议',5,0,0,0,'4eb0aaa2ada1bcc120049c88c99925a2',1491400821037,1491404421037,2,-1,'你好!\n	李磊v还看过 正在邀请你加入白板会议。\n	主题：李磊的会议\n	时间：今天,下午10:00 GMT+8\n	会议ID： 0 \n	密码：a0000000 \n	加入方式：打开安卓小喵白板客户端，点击进入“加入会议”界面，输入会议ID与密码，即可加入。'),(357,420245266061,'李磊v还看过的会议',5,0,0,0,'4eb0aaa2ada1bcc120049c88c99925a2',1491406569489,1491410169489,4,-1,''),(358,420280690317,'李磊的会议',5,0,0,0,'4eb0aaa2ada1bcc120049c88c99925a2',1491408046277,1491411646277,1,-1,'你好!\n	李磊v还看过 正在邀请你加入白板会议。\n	主题：李磊的会议\n	时间：明天,上午12:00 GMT+8\n	会议ID： 0 \n	密码：a0000000 \n	加入方式：打开安卓小喵白板客户端，点击进入“加入会议”界面，输入会议ID与密码，即可加入。'),(359,427036418567,'Dialniao的会议',4,1,1,0,'4eb0aaa2ada1bcc120049c88c99925a2',1491459626095,1491463226095,3,-1,''),(360,436039480075,'李磊v还看过的会议',5,0,0,0,'4eb0aaa2ada1bcc120049c88c99925a2',1491529962187,1491533562192,3,-1,''),(361,436101910917,'李磊v还看过的会议',5,0,0,0,'4eb0aaa2ada1bcc120049c88c99925a2',1491530439032,1491534039032,3,-1,''),(362,436105374347,'李磊v还看过的会议',5,0,0,0,'4eb0aaa2ada1bcc120049c88c99925a2',1491530403980,1491534003981,4,-1,''),(363,436144767875,'李磊v还看过的会议',5,0,0,0,'4eb0aaa2ada1bcc120049c88c99925a2',1491530759842,1491534359842,4,-1,''),(364,436150833033,'李磊v还看过的会议',5,0,0,0,'4eb0aaa2ada1bcc120049c88c99925a2',1491530832166,1491534432166,3,-1,''),(365,436360552072,'李磊v还看过的会议',5,0,0,0,'4eb0aaa2ada1bcc120049c88c99925a2',1491532470503,1491536070503,3,-1,''),(366,436374112527,'李磊v还看过的会议',5,0,0,0,'4eb0aaa2ada1bcc120049c88c99925a2',1491532576518,1491536176519,3,-1,''),(367,436404803724,'李磊v还看过的会议',5,0,0,0,'4eb0aaa2ada1bcc120049c88c99925a2',1491532816338,1491536416338,3,-1,''),(368,436423988618,'李磊v还看过的会议',5,0,0,0,'4eb0aaa2ada1bcc120049c88c99925a2',1491532966219,1491536566219,3,-1,''),(369,436492182656,'李磊v还看过的会议',5,0,0,0,'4eb0aaa2ada1bcc120049c88c99925a2',1491533498868,1491537098868,3,-1,''),(370,436632851332,'李磊v还看过的会议',5,0,0,0,'4eb0aaa2ada1bcc120049c88c99925a2',1491534585967,1491538185967,3,-1,''),(371,436676917896,'李磊v还看过的会议',5,0,0,0,'4eb0aaa2ada1bcc120049c88c99925a2',1491534942191,1491538542192,3,-1,''),(372,436694873602,'李磊v还看过的会议',5,0,0,0,'4eb0aaa2ada1bcc120049c88c99925a2',1491535081395,1491538681395,3,-1,''),(373,438494579714,'李磊v还看过的会议',5,0,0,0,'4eb0aaa2ada1bcc120049c88c99925a2',1491549142810,1491552742810,3,-1,''),(374,438961126918,'Dialniao的会议',4,1,1,0,'4eb0aaa2ada1bcc120049c88c99925a2',1491552788198,1491556388198,4,-1,''),(375,438977308553,'Dialniao的会议',4,1,1,0,'4eb0aaa2ada1bcc120049c88c99925a2',1491552914765,1491556514765,4,-1,''),(376,438986556300,'Dialniao的会议',4,1,1,0,'4eb0aaa2ada1bcc120049c88c99925a2',1491552987016,1491556587016,4,-1,''),(377,439001141891,'Dialniao的会议',4,1,1,0,'4eb0aaa2ada1bcc120049c88c99925a2',1491553100968,1491556700968,4,-1,''),(378,439031881601,'李磊v还看过的会议',5,0,0,0,'4eb0aaa2ada1bcc120049c88c99925a2',1491553340188,1491556940188,4,-1,''),(379,439046550287,'Dialniao的会议',4,1,1,0,'4eb0aaa2ada1bcc120049c88c99925a2',1491553455625,1491557055626,3,-1,''),(380,439655949448,'李磊v还看过的会议',5,0,0,0,'4eb0aaa2ada1bcc120049c88c99925a2',1491558214531,1491561814531,3,-1,''),(381,439700627975,'李磊v还看过的会议',5,0,0,0,'4eb0aaa2ada1bcc120049c88c99925a2',1491558565067,1491562165067,4,-1,''),(382,439778960642,'Dialniao的会议',4,1,1,0,'4eb0aaa2ada1bcc120049c88c99925a2',1491559177469,1491562777469,3,-1,''),(383,441287278092,'李磊v还看过的会议',5,0,0,0,'4eb0aaa2ada1bcc120049c88c99925a2',1491570960492,1491574560492,3,-1,''),(384,441307710726,'Dialniao的会议',4,1,1,0,'4eb0aaa2ada1bcc120049c88c99925a2',1491562274068,1491565874068,3,-1,''),(385,441330439683,'李磊v还看过的会议',5,0,0,0,'4eb0aaa2ada1bcc120049c88c99925a2',1491571297676,1491574897676,3,-1,''),(386,441367267726,'Dialniao的会议',4,1,1,0,'4eb0aaa2ada1bcc120049c88c99925a2',1491562739439,1491566339439,3,-1,''),(387,441383705729,'Dialniao的会议',4,1,1,0,'4eb0aaa2ada1bcc120049c88c99925a2',1491562867862,1491566467862,3,-1,''),(388,441401812873,'李磊v还看过的会议',5,0,0,0,'4eb0aaa2ada1bcc120049c88c99925a2',1491571855296,1491575455296,3,-1,''),(389,441456325262,'李磊v还看过的会议',5,0,0,0,'4eb0aaa2ada1bcc120049c88c99925a2',1491572281116,1491575881117,3,-1,''),(390,441485395721,'李磊v还看过的会议',5,0,0,0,'4eb0aaa2ada1bcc120049c88c99925a2',1491572508155,1491576108155,4,-1,''),(391,441649368581,'李磊v还看过的会议',5,0,0,0,'4eb0aaa2ada1bcc120049c88c99925a2',1491573789410,1491577389411,3,-1,''),(392,441941325188,'李磊v还看过的会议',5,0,0,0,'4eb0aaa2ada1bcc120049c88c99925a2',1491576070248,1491579670249,3,-1,''),(393,442027843976,'李磊v还看过的会议',5,0,0,0,'4eb0aaa2ada1bcc120049c88c99925a2',1491576746054,1491580346055,3,-1,''),(394,442072060295,'李磊v还看过的会议',5,0,0,0,'4eb0aaa2ada1bcc120049c88c99925a2',1491577091659,1491580691659,3,-1,''),(395,442138506118,'李磊v还看过的会议',5,0,0,0,'4eb0aaa2ada1bcc120049c88c99925a2',1491577610749,1491581210750,3,-1,''),(396,442388887940,'李磊v还看过的会议',5,0,0,0,'4eb0aaa2ada1bcc120049c88c99925a2',1491579566859,1491583166859,3,-1,''),(397,442442397070,'李磊v还看过的会议',5,0,0,0,'4eb0aaa2ada1bcc120049c88c99925a2',1491579984912,1491583584912,3,-1,''),(398,442568042118,'李磊v还看过的会议',5,0,0,0,'4eb0aaa2ada1bcc120049c88c99925a2',1491580966547,1491584566547,4,-1,''),(399,442616767113,'Dialniao的会议',4,1,1,0,'4eb0aaa2ada1bcc120049c88c99925a2',1491572500977,1491576100977,3,-1,''),(400,442628610187,'Dialniao的会议',4,1,1,0,'4eb0aaa2ada1bcc120049c88c99925a2',1491572593579,1491576193579,3,-1,''),(401,442705741451,'Dialniao的会议',4,1,1,0,'4eb0aaa2ada1bcc120049c88c99925a2',1491573196195,1491576796195,3,-1,''),(402,442827479945,'李磊v还看过的会议',5,0,0,0,'4eb0aaa2ada1bcc120049c88c99925a2',1491582993362,1491586593362,3,-1,''),(403,442875696142,'李磊v还看过的会议',5,0,0,0,'4eb0aaa2ada1bcc120049c88c99925a2',1491583370040,1491586970040,4,-1,''),(404,442892308740,'Dialniao的会议',4,1,1,0,'4eb0aaa2ada1bcc120049c88c99925a2',1491574653714,1491578253714,3,-1,''),(405,442906603275,'Dialniao的会议',4,1,1,0,'4eb0aaa2ada1bcc120049c88c99925a2',1491574765424,1491578365424,4,-1,''),(406,461607068045,'Dialniao的会议',4,1,1,0,'4eb0aaa2ada1bcc120049c88c99925a2',1491729709765,1491733309765,4,-1,''),(407,469266571527,'空',5,1,1,0,'66b720886c6b9cf581aa0216df14db3f',1491789548973,1491793148973,4,-1,''),(408,469279353995,'Dialniao的会议',4,1,1,0,'4eb0aaa2ada1bcc120049c88c99925a2',1491789649418,1491793249418,4,-1,''),(409,469299372800,'空',5,1,1,0,'66b720886c6b9cf581aa0216df14db3f',1491789805289,1491793405289,4,-1,''),(410,469304918283,'李磊红包呢的会议',5,1,1,0,'4eb0aaa2ada1bcc120049c88c99925a2',1491789848468,1491793448468,4,-1,''),(411,469370076937,'Dialniao的会议',4,1,1,0,'4eb0aaa2ada1bcc120049c88c99925a2',1491790358223,1491793958223,4,-1,''),(412,469434727823,'李磊红包呢的会议',5,1,1,0,'4eb0aaa2ada1bcc120049c88c99925a2',1491790862771,1491794462773,4,-1,''),(413,469469921161,'李磊红包呢的会议',5,1,1,0,'4eb0aaa2ada1bcc120049c88c99925a2',1491791137714,1491794737714,4,-1,''),(414,469542915981,'Dialniao的会议',4,1,1,0,'4eb0aaa2ada1bcc120049c88c99925a2',1491791708530,1491795308530,3,-1,''),(415,469592248448,'李磊红包呢的会议',5,1,1,0,'4eb0aaa2ada1bcc120049c88c99925a2',1491792093335,1491795693335,3,-1,''),(416,469687221898,'李磊红包呢的会议',5,1,1,0,'4eb0aaa2ada1bcc120049c88c99925a2',1491792835175,1491796435175,4,-1,''),(417,469774863365,'李磊红包呢的会议',5,1,1,0,'4eb0aaa2ada1bcc120049c88c99925a2',1491793519932,1491797119932,3,-1,''),(418,470082596751,'Dialniao的会议',4,1,1,0,'4eb0aaa2ada1bcc120049c88c99925a2',1491795924748,1491799524748,3,-1,''),(419,470927353100,'Dialniao的会议',4,1,1,0,'4eb0aaa2ada1bcc120049c88c99925a2',1491801750706,1491805350706,3,-1,''),(420,470971983370,'Dialniao的会议',4,1,1,0,'4eb0aaa2ada1bcc120049c88c99925a2',1491802099408,1491805699409,4,-1,''),(421,471048150539,'Dialniao的会议',4,1,1,0,'4eb0aaa2ada1bcc120049c88c99925a2',1491802694489,1491806294489,4,-1,''),(422,471152077829,'Dialniao的会议',4,1,1,0,'4eb0aaa2ada1bcc120049c88c99925a2',1491803506330,1491807106330,4,-1,''),(423,471314154628,'Dialniao的会议',4,1,1,0,'4eb0aaa2ada1bcc120049c88c99925a2',1491804772633,1491808372633,3,-1,''),(424,471362208011,'Dialniao的会议',4,1,1,0,'4eb0aaa2ada1bcc120049c88c99925a2',1491805148034,1491808748034,3,-1,''),(425,471501418118,'Dialniao的会议',4,1,1,0,'4eb0aaa2ada1bcc120049c88c99925a2',1491806235579,1491809835579,3,-1,''),(426,471530642567,'Dialniao的会议',4,1,1,0,'4eb0aaa2ada1bcc120049c88c99925a2',1491806463903,1491810063903,4,-1,''),(427,471683095040,'Dialniao的会议',4,1,1,0,'4eb0aaa2ada1bcc120049c88c99925a2',1491807654942,1491811254942,3,-1,''),(428,471743990148,'李磊红包呢的会议',5,1,1,0,'4eb0aaa2ada1bcc120049c88c99925a2',1491808903902,1491812503902,3,-1,''),(429,471771625349,'李磊红包呢的会议',5,1,1,0,'4eb0aaa2ada1bcc120049c88c99925a2',1491809119809,1491812719809,3,-1,''),(430,471785090306,'李磊红包呢的会议',5,1,1,0,'4eb0aaa2ada1bcc120049c88c99925a2',1491809224988,1491812824988,3,-1,''),(431,471902489742,'李磊红包呢的会议',5,1,1,0,'4eb0aaa2ada1bcc120049c88c99925a2',1491810142171,1491813742171,3,-1,''),(432,471947804557,'李磊红包呢的会议',5,1,1,0,'4eb0aaa2ada1bcc120049c88c99925a2',1491810496184,1491814096184,3,-1,''),(433,471994281484,'李磊红包呢的会议',5,1,1,0,'4eb0aaa2ada1bcc120049c88c99925a2',1491810859216,1491814459216,3,-1,''),(434,472009101828,'Dialniao的会议',4,1,1,0,'4eb0aaa2ada1bcc120049c88c99925a2',1491810201822,1491813801822,4,-1,''),(435,472057680905,'Dialniao的会议',4,1,1,0,'4eb0aaa2ada1bcc120049c88c99925a2',1491810581370,1491814181370,3,-1,''),(436,472194189199,'Dialniao的会议',4,1,1,0,'4eb0aaa2ada1bcc120049c88c99925a2',1491811647833,1491815247833,3,-1,''),(437,472247088909,'Dialniao的会议',4,1,1,0,'4eb0aaa2ada1bcc120049c88c99925a2',1491812061112,1491815661112,3,-1,''),(438,472286960781,'Dialniao的会议',4,1,1,0,'4eb0aaa2ada1bcc120049c88c99925a2',1491812372609,1491815972609,3,-1,''),(439,472300679809,'Dialniao的会议',4,1,1,0,'4eb0aaa2ada1bcc120049c88c99925a2',1491812479779,1491816079779,3,-1,''),(440,472595034380,'Dialniao的会议',4,1,1,0,'4eb0aaa2ada1bcc120049c88c99925a2',1491814779399,1491818379399,3,-1,''),(441,472652964737,'Dialniao的会议',4,1,1,0,'4eb0aaa2ada1bcc120049c88c99925a2',1491815231982,1491818831982,3,-1,''),(442,472725987982,'李磊红包呢的会议',5,1,1,0,'4eb0aaa2ada1bcc120049c88c99925a2',1491816575769,1491820175769,3,-1,''),(443,473235686658,'李磊红包呢的会议',5,1,1,0,'4eb0aaa2ada1bcc120049c88c99925a2',1491820557647,1491824157647,3,-1,''),(444,474645806214,'李磊红包呢的会议',5,1,1,0,'4eb0aaa2ada1bcc120049c88c99925a2',1491831574628,1491835174628,3,-1,''),(445,474805236353,'Dialniao的会议',4,1,1,0,'4eb0aaa2ada1bcc120049c88c99925a2',1491830415389,1491834015390,3,-1,''),(446,474834005251,'李磊红包呢的会议',5,1,1,0,'4eb0aaa2ada1bcc120049c88c99925a2',1491833044899,1491836644899,4,-1,''),(447,474856069006,'李磊红包呢的会议',5,1,1,1,'4eb0aaa2ada1bcc120049c88c99925a2',1491836456992,1491840056992,1,320,'你好!\n	李磊红包呢 正在邀请你加入白板会议。\n	主题：李磊红包呢的会议\n	时间：今天,下午11:00 GMT+8\n	会议ID： 0 \n	密码：a0000000 \n	加入方式：打开安卓小喵白板客户端，点击进入“加入会议”界面，输入会议ID与密码，即可加入。'),(448,475017081743,'李磊红包呢的会议',5,1,1,0,'4eb0aaa2ada1bcc120049c88c99925a2',1491834475119,1491838075120,4,-1,''),(449,475234614671,'李磊红包呢的会议',5,1,1,0,'4eb0aaa2ada1bcc120049c88c99925a2',1491836174702,1491839774702,3,-1,''),(450,475298017925,'李磊红包呢的会议',5,1,1,0,'4eb0aaa2ada1bcc120049c88c99925a2',1491836670036,1491840270037,3,-1,''),(451,475304354176,'Dialniao的会议',4,1,1,0,'4eb0aaa2ada1bcc120049c88c99925a2',1491834314681,1491837914682,3,-1,''),(452,475352300682,'Dialniao的会议',4,1,1,0,'4eb0aaa2ada1bcc120049c88c99925a2',1491834689273,1491838289273,3,-1,''),(453,475402246285,'Dialniao的会议',4,1,1,0,'4eb0aaa2ada1bcc120049c88c99925a2',1491835079496,1491838679496,3,-1,''),(454,475475761546,'Dialniao的会议',4,1,1,0,'4eb0aaa2ada1bcc120049c88c99925a2',1491835653756,1491839253757,3,-1,''),(455,475553611523,'Dialniao的会议',4,1,1,0,'4eb0aaa2ada1bcc120049c88c99925a2',1491836261997,1491839861997,3,-1,''),(456,475579254400,'Dialniao的会议',4,1,1,0,'4eb0aaa2ada1bcc120049c88c99925a2',1491836462334,1491840062334,3,-1,''),(457,475603055109,'Dialniao的会议',4,1,1,0,'4eb0aaa2ada1bcc120049c88c99925a2',1491836648281,1491840248281,3,-1,''),(458,475674909698,'李磊红包呢的会议',5,1,1,0,'4eb0aaa2ada1bcc120049c88c99925a2',1491839614560,1491843214560,4,-1,''),(459,480133464463,'Dialniao的会议',4,1,1,0,'4eb0aaa2ada1bcc120049c88c99925a2',1491839744081,1491843344081,3,-1,''),(460,480189281025,'Dialniao的会议',4,1,1,0,'4eb0aaa2ada1bcc120049c88c99925a2',1491840180101,1491843780101,3,-1,''),(461,480211411458,'Dialniao的会议',4,1,1,0,'4eb0aaa2ada1bcc120049c88c99925a2',1491840353015,1491843953015,3,-1,''),(462,480229827463,'Dialniao的会议',4,1,1,0,'4eb0aaa2ada1bcc120049c88c99925a2',1491840496914,1491844096914,3,-1,''),(463,480278524290,'Dialniao的会议',4,1,1,0,'4eb0aaa2ada1bcc120049c88c99925a2',1491840877320,1491844477320,3,-1,''),(464,480506717325,'Dialniao的会议',4,1,1,0,'4eb0aaa2ada1bcc120049c88c99925a2',1491842660074,1491846260074,3,-1,''),(465,480542180748,'Dialniao的会议',4,1,1,0,'4eb0aaa2ada1bcc120049c88c99925a2',1491842937119,1491846537119,3,-1,''),(466,480561275393,'Dialniao的会议',4,1,1,0,'4eb0aaa2ada1bcc120049c88c99925a2',1491843086293,1491846686293,3,-1,''),(467,480591960833,'Dialniao的会议',4,1,1,0,'4eb0aaa2ada1bcc120049c88c99925a2',1491843326049,1491846926049,3,-1,''),(468,480606726661,'Dialniao的会议',4,1,1,0,'4eb0aaa2ada1bcc120049c88c99925a2',1491843441398,1491847041398,3,-1,''),(469,480621155460,'Dialniao的会议',4,1,1,0,'4eb0aaa2ada1bcc120049c88c99925a2',1491843554090,1491847154090,3,-1,''),(470,480929822596,'李磊红包呢的会议',5,1,1,0,'4eb0aaa2ada1bcc120049c88c99925a2',1491880667731,1491884267731,4,-1,''),(471,480977720203,'Dialniao的会议',4,1,1,0,'4eb0aaa2ada1bcc120049c88c99925a2',1491846339733,1491849939733,3,-1,''),(472,482760984328,'李磊红包呢的会议',5,1,1,0,'4eb0aaa2ada1bcc120049c88c99925a2',1491894974126,1491898574126,4,-1,''),(473,482854334734,'Dialniao的会议',4,1,1,0,'4eb0aaa2ada1bcc120049c88c99925a2',1491860270222,1491863870222,3,-1,''),(474,483051590144,'Dialniao的会议',4,1,1,0,'4eb0aaa2ada1bcc120049c88c99925a2',1491861811269,1491865411269,4,-1,''),(475,483117143683,'Dialniao的会议',4,1,1,0,'4eb0aaa2ada1bcc120049c88c99925a2',1491862323401,1491865923401,3,-1,''),(476,483619600141,'Dialniao的会议',4,1,1,0,'4eb0aaa2ada1bcc120049c88c99925a2',1491866248775,1491869848775,3,-1,''),(477,483726909187,'Dialniao的会议',4,1,1,0,'4eb0aaa2ada1bcc120049c88c99925a2',1491867087138,1491870687139,4,-1,''),(478,483781391500,'Dialniao的会议',4,1,1,0,'4eb0aaa2ada1bcc120049c88c99925a2',1491867512808,1491871112808,3,-1,''),(479,483819966607,'Dialniao的会议',4,1,1,0,'4eb0aaa2ada1bcc120049c88c99925a2',1491867814168,1491871414168,4,-1,''),(480,483888862991,'Dialniao的会议',4,1,1,0,'4eb0aaa2ada1bcc120049c88c99925a2',1491868352413,1491871952413,4,-1,''),(481,483908004356,'Dialniao的会议',4,1,1,0,'4eb0aaa2ada1bcc120049c88c99925a2',1491868501947,1491872101947,4,-1,''),(482,483917436429,'Dialniao的会议',4,1,1,0,'4eb0aaa2ada1bcc120049c88c99925a2',1491868575600,1491872175600,3,-1,''),(483,484047126795,'李磊红包呢的会议',5,1,1,0,'4eb0aaa2ada1bcc120049c88c99925a2',1491905022069,1491908622069,3,-1,''),(484,484100717442,'李磊红包呢的会议',5,1,1,0,'4eb0aaa2ada1bcc120049c88c99925a2',1491905440807,1491909040807,4,-1,''),(485,484121038087,'李磊红包呢的会议',5,1,1,0,'4eb0aaa2ada1bcc120049c88c99925a2',1491905599523,1491909199523,4,-1,''),(486,484144665605,'Dialniao的会议',4,1,1,0,'4eb0aaa2ada1bcc120049c88c99925a2',1491870350858,1491873950858,3,-1,''),(487,484210639881,'Dialniao的会议',4,1,1,0,'4eb0aaa2ada1bcc120049c88c99925a2',1491870866259,1491874466259,3,-1,''),(488,484859029261,'Dialniao的会议',4,1,1,0,'4eb0aaa2ada1bcc120049c88c99925a2',1491874385400,1491877985400,4,-1,''),(489,484880185604,'Dialniao的会议',4,1,1,0,'4eb0aaa2ada1bcc120049c88c99925a2',1491874550789,1491878150790,3,-1,''),(490,485171203593,'Dialniao的会议',4,1,1,0,'4eb0aaa2ada1bcc120049c88c99925a2',1491876824342,1491880424342,3,-1,''),(491,485697175436,'Dialniao的会议',4,1,1,0,'4eb0aaa2ada1bcc120049c88c99925a2',1491880933404,1491884533415,4,-1,''),(492,485721372675,'Dialniao的会议',4,1,1,0,'4eb0aaa2ada1bcc120049c88c99925a2',1491881122511,1491884722512,4,-1,''),(493,485863336460,'李磊红包呢的会议',5,1,1,0,'4eb0aaa2ada1bcc120049c88c99925a2',1491919210942,1491922810942,3,-1,''),(494,485944628616,'李磊红包呢的会议',5,1,1,0,'4eb0aaa2ada1bcc120049c88c99925a2',1491919846012,1491923446013,4,-1,''),(495,486028423180,'李磊红包呢的会议',5,1,1,0,'4eb0aaa2ada1bcc120049c88c99925a2',1491920500705,1491924100705,4,-1,''),(496,486065357064,'李磊红包呢的会议',5,1,1,0,'4eb0aaa2ada1bcc120049c88c99925a2',1491920789256,1491924389257,3,-1,''),(497,486204396810,'Dialniao的会议',4,1,1,0,'4eb0aaa2ada1bcc120049c88c99925a2',1491884896098,1491888496098,3,-1,''),(498,494798826755,'李磊红包呢的会议',5,1,1,0,'4eb0aaa2ada1bcc120049c88c99925a2',1491989019903,1491992619903,4,-1,'');
/*!40000 ALTER TABLE `bd_meeting` ENABLE KEYS */;
UNLOCK TABLES;

--
-- Table structure for table `bd_reset_password`
--

DROP TABLE IF EXISTS `bd_reset_password`;
/*!40101 SET @saved_cs_client     = @@character_set_client */;
/*!40101 SET character_set_client = utf8 */;
CREATE TABLE `bd_reset_password` (
  `reset_id` int(11) NOT NULL AUTO_INCREMENT,
  `reset_token` tinyint(4) NOT NULL COMMENT '验证码',
  `reset_begin_time` datetime NOT NULL COMMENT '最近发送验证码的时间点（验证码2分钟有效）',
  `reset_result` tinyint(3) unsigned NOT NULL DEFAULT '1' COMMENT '重置结果：1：失败 2：成功',
  `bd_user_user_id` int(10) unsigned NOT NULL,
  PRIMARY KEY (`reset_id`),
  KEY `fk_bd_reset_password_bd_user1_idx` (`bd_user_user_id`),
  CONSTRAINT `fk_bd_reset_password_bd_user1` FOREIGN KEY (`bd_user_user_id`) REFERENCES `bd_user` (`user_id`) ON DELETE NO ACTION ON UPDATE NO ACTION
) ENGINE=InnoDB DEFAULT CHARSET=utf8;
/*!40101 SET character_set_client = @saved_cs_client */;

--
-- Dumping data for table `bd_reset_password`
--

LOCK TABLES `bd_reset_password` WRITE;
/*!40000 ALTER TABLE `bd_reset_password` DISABLE KEYS */;
/*!40000 ALTER TABLE `bd_reset_password` ENABLE KEYS */;
UNLOCK TABLES;

--
-- Table structure for table `bd_user`
--

DROP TABLE IF EXISTS `bd_user`;
/*!40101 SET @saved_cs_client     = @@character_set_client */;
/*!40101 SET character_set_client = utf8 */;
CREATE TABLE `bd_user` (
  `user_id` int(10) unsigned NOT NULL AUTO_INCREMENT,
  `user_email` varchar(30) NOT NULL COMMENT '邮箱',
  `user_family_name` varchar(15) NOT NULL COMMENT '姓',
  `user_given_name` varchar(15) NOT NULL COMMENT '名',
  `user_register_time` datetime NOT NULL COMMENT '注册时间',
  `user_login_recent_time` datetime NOT NULL COMMENT '最近登录时间',
  `user_status` int(10) unsigned NOT NULL DEFAULT '1' COMMENT '用户状态：1：未登录 2 ：登录空闲  会议ID: 登录会议中',
  `user_class` tinyint(3) unsigned NOT NULL DEFAULT '1' COMMENT '用户等级：1：免费用户 2：普通会员 3.超级会员',
  `user_password` varchar(32) NOT NULL COMMENT '密码',
  `user_token` varchar(32) NOT NULL COMMENT '用户唯一 TOKEN',
  `user_avatar` varchar(45) NOT NULL,
  PRIMARY KEY (`user_id`,`user_email`),
  UNIQUE KEY `user_id_UNIQUE` (`user_id`),
  UNIQUE KEY `user_email_UNIQUE` (`user_email`)
) ENGINE=InnoDB AUTO_INCREMENT=6 DEFAULT CHARSET=utf8;
/*!40101 SET character_set_client = @saved_cs_client */;

--
-- Dumping data for table `bd_user`
--

LOCK TABLES `bd_user` WRITE;
/*!40000 ALTER TABLE `bd_user` DISABLE KEYS */;
INSERT INTO `bd_user` VALUES (1,'1662083658@qq.com','李','磊','2017-02-23 17:52:59','0000-00-00 00:00:00',1,1,'123412341234','vvvvvvvvfsf1233fs',''),(2,'3662083658@qq.com','陈','晓','2017-02-23 18:00:00','0000-00-00 00:00:00',1,1,'123412341234','rewregvv',''),(4,'l2662083658l@gmail.com','Dial','niao','2017-03-16 11:13:22','2017-03-16 11:13:22',1,1,'ec64886af9e3a804d09a75be882a44f3','faf2bb0ae2d0a7623a4869ed390e92e7','/l2662083658l@gmail.com.2017_04_10_21_20_47.j'),(5,'2662083658@qq.com','李磊','红包呢','2017-03-16 11:33:20','2017-03-16 11:33:20',1,1,'5e44faa2062c939b34c66cb367483961','4a6bf78a56af924352f2544c3fe6291e','/2662083658@qq.com.2017_04_10_22_06_05.jpeg');
/*!40000 ALTER TABLE `bd_user` ENABLE KEYS */;
UNLOCK TABLES;

--
-- Table structure for table `bd_user_and_meeting`
--

DROP TABLE IF EXISTS `bd_user_and_meeting`;
/*!40101 SET @saved_cs_client     = @@character_set_client */;
/*!40101 SET character_set_client = utf8 */;
CREATE TABLE `bd_user_and_meeting` (
  `user_and_meeting_id` int(10) unsigned NOT NULL AUTO_INCREMENT,
  `check_in_type` tinyint(3) unsigned NOT NULL DEFAULT '1' COMMENT '参会类型：1 ：与会 2：主持会议',
  `check_in_time` datetime NOT NULL COMMENT '最早入会时间',
  `check_out_time` datetime NOT NULL COMMENT '最迟离会时间',
  `bd_user_user_id` int(10) unsigned NOT NULL,
  `bd_meeting_meeting_id` int(10) unsigned NOT NULL,
  PRIMARY KEY (`user_and_meeting_id`),
  KEY `fk_bd_user_and_meeting_bd_user1_idx` (`bd_user_user_id`),
  KEY `fk_bd_user_and_meeting_bd_meeting1_idx` (`bd_meeting_meeting_id`),
  CONSTRAINT `fk_bd_user_and_meeting_bd_meeting1` FOREIGN KEY (`bd_meeting_meeting_id`) REFERENCES `bd_meeting` (`meeting_id`) ON DELETE NO ACTION ON UPDATE NO ACTION,
  CONSTRAINT `fk_bd_user_and_meeting_bd_user1` FOREIGN KEY (`bd_user_user_id`) REFERENCES `bd_user` (`user_id`) ON DELETE NO ACTION ON UPDATE NO ACTION
) ENGINE=InnoDB AUTO_INCREMENT=572 DEFAULT CHARSET=utf8;
/*!40101 SET character_set_client = @saved_cs_client */;

--
-- Dumping data for table `bd_user_and_meeting`
--

LOCK TABLES `bd_user_and_meeting` WRITE;
/*!40000 ALTER TABLE `bd_user_and_meeting` DISABLE KEYS */;
INSERT INTO `bd_user_and_meeting` VALUES (117,2,'2017-03-27 16:46:59','0000-00-00 00:00:00',5,142),(118,1,'2017-03-27 16:48:16','0000-00-00 00:00:00',4,142),(119,2,'2017-03-27 17:01:00','0000-00-00 00:00:00',5,143),(120,2,'2017-03-27 17:02:16','0000-00-00 00:00:00',5,145),(121,1,'2017-03-27 17:02:49','0000-00-00 00:00:00',4,145),(122,2,'2017-03-27 17:09:40','0000-00-00 00:00:00',5,146),(123,1,'2017-03-27 17:10:07','0000-00-00 00:00:00',4,146),(124,2,'2017-03-27 17:16:58','0000-00-00 00:00:00',5,147),(125,2,'2017-03-27 17:29:24','0000-00-00 00:00:00',5,148),(126,1,'2017-03-27 17:29:53','0000-00-00 00:00:00',4,148),(127,2,'2017-03-27 17:34:39','0000-00-00 00:00:00',5,149),(128,1,'2017-03-27 17:37:55','0000-00-00 00:00:00',4,149),(129,2,'2017-03-27 19:45:31','0000-00-00 00:00:00',5,150),(130,1,'2017-03-27 19:46:02','0000-00-00 00:00:00',4,150),(131,2,'2017-03-27 20:15:32','0000-00-00 00:00:00',5,151),(132,1,'2017-03-27 20:16:01','0000-00-00 00:00:00',4,151),(133,2,'2017-03-27 20:56:17','0000-00-00 00:00:00',5,152),(134,1,'2017-03-27 20:57:00','0000-00-00 00:00:00',4,152),(135,2,'2017-03-27 21:01:40','0000-00-00 00:00:00',5,153),(136,1,'2017-03-27 21:02:31','0000-00-00 00:00:00',4,153),(137,2,'2017-03-27 21:12:44','0000-00-00 00:00:00',5,155),(138,1,'2017-03-27 21:13:59','0000-00-00 00:00:00',4,155),(139,2,'2017-03-27 21:26:37','0000-00-00 00:00:00',5,156),(140,2,'2017-03-27 21:31:52','0000-00-00 00:00:00',4,157),(141,2,'2017-03-27 21:36:41','0000-00-00 00:00:00',5,158),(142,1,'2017-03-27 21:37:00','0000-00-00 00:00:00',4,158),(143,2,'2017-03-27 21:38:56','0000-00-00 00:00:00',5,159),(144,1,'2017-03-27 21:39:35','0000-00-00 00:00:00',4,159),(145,2,'2017-03-27 21:42:30','0000-00-00 00:00:00',5,160),(146,1,'2017-03-27 21:43:28','0000-00-00 00:00:00',4,160),(147,2,'2017-03-27 21:48:06','0000-00-00 00:00:00',5,161),(148,1,'2017-03-27 21:48:49','0000-00-00 00:00:00',4,161),(149,2,'2017-03-27 21:54:04','0000-00-00 00:00:00',4,162),(150,1,'2017-03-27 21:56:01','0000-00-00 00:00:00',5,162),(151,2,'2017-03-27 22:06:08','0000-00-00 00:00:00',4,163),(152,1,'2017-03-27 22:07:12','0000-00-00 00:00:00',5,163),(153,2,'2017-03-27 22:26:39','0000-00-00 00:00:00',4,164),(154,1,'2017-03-27 22:27:36','0000-00-00 00:00:00',5,164),(155,2,'2017-03-27 22:36:04','0000-00-00 00:00:00',4,165),(156,1,'2017-03-27 22:36:55','0000-00-00 00:00:00',5,165),(157,2,'2017-03-27 22:43:15','0000-00-00 00:00:00',4,166),(158,1,'2017-03-27 22:43:54','0000-00-00 00:00:00',5,166),(159,2,'2017-03-27 23:01:47','0000-00-00 00:00:00',4,167),(160,1,'2017-03-27 23:03:15','0000-00-00 00:00:00',5,167),(161,2,'2017-03-27 23:07:27','0000-00-00 00:00:00',4,168),(162,2,'2017-03-27 23:08:08','0000-00-00 00:00:00',4,169),(163,1,'2017-03-27 23:08:45','0000-00-00 00:00:00',5,169),(164,2,'2017-03-27 23:55:49','0000-00-00 00:00:00',4,170),(165,1,'2017-03-27 23:56:57','0000-00-00 00:00:00',5,170),(166,2,'2017-03-28 09:26:10','0000-00-00 00:00:00',5,171),(167,1,'2017-03-28 09:26:30','0000-00-00 00:00:00',4,171),(168,2,'2017-03-28 09:32:12','0000-00-00 00:00:00',4,172),(169,2,'2017-03-28 09:32:54','0000-00-00 00:00:00',4,173),(170,2,'2017-03-28 09:33:55','0000-00-00 00:00:00',4,174),(171,1,'2017-03-28 09:37:07','0000-00-00 00:00:00',5,174),(172,2,'2017-03-28 10:06:28','0000-00-00 00:00:00',5,175),(173,1,'2017-03-28 10:10:46','0000-00-00 00:00:00',4,175),(174,2,'2017-03-28 10:42:17','0000-00-00 00:00:00',4,176),(175,2,'2017-03-28 10:50:49','0000-00-00 00:00:00',5,177),(176,1,'2017-03-28 10:52:10','0000-00-00 00:00:00',4,177),(177,2,'2017-03-28 11:16:04','0000-00-00 00:00:00',4,178),(178,1,'2017-03-28 11:35:52','0000-00-00 00:00:00',5,178),(179,2,'2017-03-28 12:32:24','0000-00-00 00:00:00',4,179),(180,1,'2017-03-28 12:33:26','0000-00-00 00:00:00',5,179),(181,2,'2017-03-28 12:35:36','0000-00-00 00:00:00',4,180),(182,1,'2017-03-28 12:36:21','0000-00-00 00:00:00',5,180),(183,2,'2017-03-28 12:41:59','0000-00-00 00:00:00',4,181),(184,1,'2017-03-28 12:43:01','0000-00-00 00:00:00',5,181),(185,2,'2017-03-28 13:02:03','0000-00-00 00:00:00',4,182),(186,1,'2017-03-28 13:02:16','0000-00-00 00:00:00',5,182),(187,2,'2017-03-28 14:24:03','0000-00-00 00:00:00',5,183),(188,2,'2017-03-28 14:26:51','0000-00-00 00:00:00',5,184),(189,2,'2017-03-28 14:28:51','0000-00-00 00:00:00',5,185),(190,2,'2017-03-28 14:37:22','0000-00-00 00:00:00',5,186),(191,2,'2017-03-28 14:41:11','0000-00-00 00:00:00',5,187),(192,2,'2017-03-28 14:42:39','0000-00-00 00:00:00',5,188),(193,2,'2017-03-28 14:48:34','0000-00-00 00:00:00',5,189),(194,2,'2017-03-28 14:55:32','0000-00-00 00:00:00',5,190),(195,2,'2017-03-28 15:02:31','0000-00-00 00:00:00',5,191),(196,2,'2017-03-28 15:03:26','0000-00-00 00:00:00',5,192),(197,2,'2017-03-28 15:06:30','0000-00-00 00:00:00',5,194),(198,2,'2017-03-28 15:14:53','0000-00-00 00:00:00',5,195),(199,1,'2017-03-28 15:21:43','0000-00-00 00:00:00',4,195),(200,2,'2017-03-28 18:13:31','0000-00-00 00:00:00',5,197),(201,2,'2017-03-28 18:16:31','0000-00-00 00:00:00',5,198),(202,1,'2017-03-28 18:19:44','0000-00-00 00:00:00',4,198),(203,2,'2017-03-29 09:43:37','0000-00-00 00:00:00',5,199),(204,1,'2017-03-29 09:45:29','0000-00-00 00:00:00',4,199),(205,2,'2017-03-29 10:13:40','0000-00-00 00:00:00',5,200),(206,2,'2017-03-29 10:20:45','0000-00-00 00:00:00',5,201),(207,2,'2017-03-29 10:52:40','0000-00-00 00:00:00',5,202),(208,2,'2017-03-29 15:11:23','0000-00-00 00:00:00',5,203),(209,2,'2017-03-29 16:31:20','0000-00-00 00:00:00',5,204),(210,2,'2017-03-29 16:35:57','0000-00-00 00:00:00',5,205),(211,2,'2017-03-29 17:09:30','0000-00-00 00:00:00',5,208),(212,2,'2017-03-29 17:14:08','0000-00-00 00:00:00',5,209),(213,2,'2017-03-29 17:19:15','0000-00-00 00:00:00',5,210),(214,2,'2017-03-29 17:34:46','0000-00-00 00:00:00',5,211),(215,2,'2017-03-29 17:37:44','0000-00-00 00:00:00',5,212),(216,2,'2017-03-29 17:41:43','0000-00-00 00:00:00',5,213),(217,2,'2017-03-29 17:53:22','0000-00-00 00:00:00',5,214),(218,2,'2017-03-29 18:00:59','0000-00-00 00:00:00',5,215),(219,2,'2017-03-30 15:23:07','0000-00-00 00:00:00',5,216),(220,2,'2017-03-30 16:46:44','0000-00-00 00:00:00',4,217),(221,2,'2017-03-30 16:49:25','0000-00-00 00:00:00',4,218),(222,1,'2017-03-30 16:50:19','0000-00-00 00:00:00',5,218),(223,2,'2017-03-30 16:54:53','0000-00-00 00:00:00',5,219),(224,1,'2017-03-30 16:55:42','0000-00-00 00:00:00',4,219),(225,2,'2017-03-30 17:19:49','0000-00-00 00:00:00',5,220),(226,1,'2017-03-30 17:25:49','0000-00-00 00:00:00',4,220),(227,2,'2017-03-30 17:31:35','0000-00-00 00:00:00',5,221),(228,1,'2017-03-30 17:32:01','0000-00-00 00:00:00',4,221),(229,2,'2017-03-30 17:34:54','0000-00-00 00:00:00',4,222),(230,2,'2017-03-30 17:47:12','0000-00-00 00:00:00',4,223),(231,1,'2017-03-30 17:49:05','0000-00-00 00:00:00',5,223),(232,2,'2017-03-30 18:03:46','0000-00-00 00:00:00',5,225),(233,1,'2017-03-30 18:04:26','0000-00-00 00:00:00',4,225),(234,2,'2017-03-31 09:41:41','0000-00-00 00:00:00',5,226),(235,2,'2017-03-31 09:44:05','0000-00-00 00:00:00',4,227),(236,2,'2017-03-31 09:49:02','0000-00-00 00:00:00',4,228),(237,2,'2017-03-31 09:56:19','0000-00-00 00:00:00',4,229),(238,2,'2017-03-31 09:57:38','2017-03-31 10:05:14',4,230),(239,2,'2017-03-31 10:06:35','2017-03-31 10:06:44',4,231),(240,2,'2017-03-31 10:07:37','2017-03-31 10:07:45',4,232),(241,2,'2017-03-31 10:12:01','2017-03-31 10:26:31',4,233),(242,1,'2017-03-31 10:26:08','2017-03-31 10:26:35',5,233),(243,2,'2017-03-31 12:35:40','2017-03-31 12:38:01',4,234),(244,1,'2017-03-31 12:37:47','2017-03-31 12:38:05',5,234),(245,2,'2017-03-31 12:38:22','2017-03-31 12:38:27',4,235),(246,2,'2017-03-31 12:39:22','2017-03-31 12:40:20',4,236),(247,1,'2017-03-31 12:39:26','2017-03-31 12:39:36',5,236),(248,2,'2017-03-31 16:42:41','2017-03-31 16:49:52',4,237),(249,2,'2017-03-31 16:50:00','2017-03-31 16:52:11',4,238),(250,2,'2017-03-31 16:52:20','0000-00-00 00:00:00',4,239),(251,2,'2017-03-31 17:51:45','0000-00-00 00:00:00',4,240),(252,2,'2017-04-01 09:37:26','0000-00-00 00:00:00',4,241),(253,2,'2017-04-01 10:35:56','2017-04-01 10:36:35',5,242),(254,2,'2017-04-01 10:38:13','0000-00-00 00:00:00',4,243),(255,1,'2017-04-01 10:39:06','2017-04-01 10:40:09',5,243),(256,2,'2017-04-02 13:22:58','0000-00-00 00:00:00',5,244),(257,2,'2017-04-02 13:33:51','0000-00-00 00:00:00',5,246),(258,1,'2017-04-02 13:34:19','0000-00-00 00:00:00',4,246),(259,2,'2017-04-02 13:40:43','0000-00-00 00:00:00',5,247),(260,1,'2017-04-02 13:41:03','0000-00-00 00:00:00',4,247),(261,2,'2017-04-02 14:21:18','2017-04-02 14:23:59',5,248),(262,1,'2017-04-02 14:21:57','2017-04-02 14:24:03',4,248),(263,2,'2017-04-02 14:49:29','0000-00-00 00:00:00',4,249),(264,2,'2017-04-02 14:53:01','0000-00-00 00:00:00',4,250),(265,2,'2017-04-02 14:55:08','0000-00-00 00:00:00',4,251),(266,2,'2017-04-03 11:23:08','0000-00-00 00:00:00',4,252),(267,2,'2017-04-03 12:39:56','2017-04-03 12:40:27',4,253),(268,2,'2017-04-03 14:03:14','0000-00-00 00:00:00',4,254),(269,2,'2017-04-03 14:11:16','0000-00-00 00:00:00',4,255),(270,2,'2017-04-03 14:16:07','0000-00-00 00:00:00',4,256),(271,2,'2017-04-03 14:20:37','0000-00-00 00:00:00',4,257),(272,2,'2017-04-03 18:59:10','2017-04-03 18:59:34',4,258),(273,2,'2017-04-03 18:59:38','2017-04-03 19:00:02',4,259),(274,2,'2017-04-03 19:00:18','2017-04-03 19:21:28',4,260),(275,2,'2017-04-03 19:25:53','2017-04-03 19:25:59',5,261),(276,2,'2017-04-03 19:26:06','0000-00-00 00:00:00',5,262),(277,2,'2017-04-03 19:30:59','2017-04-03 19:31:12',5,263),(278,2,'2017-04-03 19:31:21','0000-00-00 00:00:00',5,264),(279,1,'2017-04-03 19:32:18','0000-00-00 00:00:00',4,264),(280,2,'2017-04-03 19:35:00','2017-04-03 19:41:10',5,265),(281,1,'2017-04-03 19:39:55','2017-04-03 19:41:12',4,265),(282,2,'2017-04-03 19:52:05','2017-04-03 20:03:34',5,266),(283,1,'2017-04-03 19:52:30','0000-00-00 00:00:00',4,266),(284,2,'2017-04-03 20:03:19','2017-04-03 20:04:30',4,267),(285,1,'2017-04-03 20:03:54','2017-04-03 20:04:32',5,267),(286,2,'2017-04-03 20:10:33','0000-00-00 00:00:00',4,268),(287,2,'2017-04-03 20:11:43','2017-04-03 20:13:44',4,269),(288,2,'2017-04-03 20:13:49','0000-00-00 00:00:00',5,270),(289,1,'2017-04-03 20:14:17','0000-00-00 00:00:00',4,270),(290,2,'2017-04-03 20:20:16','2017-04-03 20:22:27',5,271),(291,1,'2017-04-03 20:20:34','0000-00-00 00:00:00',4,271),(292,2,'2017-04-03 22:17:28','0000-00-00 00:00:00',5,272),(293,1,'2017-04-03 22:21:57','2017-04-03 22:19:35',4,272),(294,2,'2017-04-03 22:27:30','0000-00-00 00:00:00',4,273),(295,2,'2017-04-03 23:00:30','0000-00-00 00:00:00',5,274),(296,1,'2017-04-03 23:00:58','0000-00-00 00:00:00',4,274),(297,2,'2017-04-04 12:51:23','2017-04-04 12:55:56',5,275),(298,1,'2017-04-04 12:54:29','0000-00-00 00:00:00',4,275),(299,2,'2017-04-04 12:56:02','2017-04-04 12:58:02',4,276),(300,2,'2017-04-04 12:56:05','2017-04-04 12:56:10',5,277),(301,1,'2017-04-04 12:57:52','2017-04-04 12:58:16',5,276),(302,2,'2017-04-04 21:28:53','0000-00-00 00:00:00',4,278),(303,2,'2017-04-04 21:31:33','0000-00-00 00:00:00',4,279),(304,2,'2017-04-04 21:35:59','0000-00-00 00:00:00',4,280),(305,2,'2017-04-04 21:39:48','0000-00-00 00:00:00',4,281),(306,2,'2017-04-05 09:20:42','0000-00-00 00:00:00',5,282),(307,2,'2017-04-05 09:26:02','0000-00-00 00:00:00',5,283),(308,2,'2017-04-05 09:35:26','0000-00-00 00:00:00',5,284),(309,2,'2017-04-05 09:39:27','0000-00-00 00:00:00',5,285),(310,2,'2017-04-05 09:42:00','0000-00-00 00:00:00',5,286),(311,2,'2017-04-05 09:59:50','0000-00-00 00:00:00',5,287),(312,2,'2017-04-05 10:23:35','0000-00-00 00:00:00',5,288),(313,2,'2017-04-05 14:06:29','2017-04-05 14:06:53',4,289),(314,2,'2017-04-05 14:11:17','2017-04-05 14:11:40',4,290),(315,2,'2017-04-05 14:11:45','0000-00-00 00:00:00',4,291),(316,2,'2017-04-05 14:18:42','2017-04-05 14:19:12',4,292),(317,2,'2017-04-05 14:19:16','2017-04-05 14:19:23',4,293),(318,2,'2017-04-05 14:19:25','2017-04-05 14:20:17',4,294),(319,2,'2017-04-05 14:20:23','0000-00-00 00:00:00',4,295),(320,2,'2017-04-05 14:59:07','0000-00-00 00:00:00',4,296),(321,2,'2017-04-05 15:05:01','0000-00-00 00:00:00',4,297),(322,2,'2017-04-05 15:07:22','0000-00-00 00:00:00',4,298),(323,2,'2017-04-05 15:08:41','0000-00-00 00:00:00',4,299),(324,2,'2017-04-05 15:13:43','2017-04-05 15:17:11',4,300),(325,2,'2017-04-05 15:17:38','2017-04-05 15:17:51',4,301),(326,2,'2017-04-05 15:17:54','2017-04-05 15:18:02',4,302),(327,2,'2017-04-05 15:19:02','0000-00-00 00:00:00',4,303),(328,2,'2017-04-05 15:24:11','0000-00-00 00:00:00',4,304),(329,2,'2017-04-05 15:32:25','0000-00-00 00:00:00',4,305),(330,2,'2017-04-05 15:35:39','0000-00-00 00:00:00',4,306),(331,2,'2017-04-05 15:36:46','0000-00-00 00:00:00',4,307),(332,2,'2017-04-05 15:39:58','0000-00-00 00:00:00',4,308),(333,2,'2017-04-05 15:41:44','0000-00-00 00:00:00',4,309),(334,2,'2017-04-05 15:45:03','0000-00-00 00:00:00',4,310),(335,2,'2017-04-05 15:48:08','2017-04-05 15:50:56',4,311),(336,2,'2017-04-05 15:52:31','0000-00-00 00:00:00',5,312),(337,2,'2017-04-05 15:59:06','0000-00-00 00:00:00',5,313),(338,2,'2017-04-05 16:02:47','0000-00-00 00:00:00',5,314),(339,2,'2017-04-05 16:13:10','0000-00-00 00:00:00',5,315),(340,2,'2017-04-05 16:21:47','0000-00-00 00:00:00',5,316),(341,2,'2017-04-05 16:24:00','0000-00-00 00:00:00',5,317),(342,2,'2017-04-05 16:26:02','0000-00-00 00:00:00',5,318),(343,2,'2017-04-05 16:40:04','0000-00-00 00:00:00',5,319),(344,2,'2017-04-05 16:44:13','0000-00-00 00:00:00',5,320),(345,2,'2017-04-05 16:47:25','0000-00-00 00:00:00',5,321),(346,2,'2017-04-05 16:49:22','0000-00-00 00:00:00',5,322),(347,2,'2017-04-05 16:54:02','0000-00-00 00:00:00',5,323),(348,2,'2017-04-05 17:04:45','0000-00-00 00:00:00',5,324),(349,2,'2017-04-05 17:09:33','0000-00-00 00:00:00',5,325),(350,2,'2017-04-05 17:10:40','0000-00-00 00:00:00',5,326),(351,2,'2017-04-05 17:13:04','0000-00-00 00:00:00',5,327),(352,2,'2017-04-05 17:13:55','0000-00-00 00:00:00',5,328),(353,2,'2017-04-05 17:14:45','0000-00-00 00:00:00',5,329),(354,2,'2017-04-05 17:15:31','2017-04-05 17:15:38',5,330),(355,2,'2017-04-05 17:16:11','2017-04-05 17:16:21',5,196),(356,2,'2017-04-05 17:17:08','2017-04-05 17:17:21',5,207),(357,2,'2017-04-05 17:39:56','0000-00-00 00:00:00',5,331),(358,2,'2017-04-05 17:42:57','0000-00-00 00:00:00',5,332),(359,2,'2017-04-05 17:46:22','0000-00-00 00:00:00',5,333),(360,2,'2017-04-05 17:47:43','0000-00-00 00:00:00',5,334),(361,2,'2017-04-05 17:53:20','0000-00-00 00:00:00',5,335),(362,2,'2017-04-05 17:57:46','0000-00-00 00:00:00',5,336),(363,2,'2017-04-05 18:05:25','0000-00-00 00:00:00',5,337),(364,2,'2017-04-05 18:07:26','0000-00-00 00:00:00',5,338),(365,2,'2017-04-05 18:09:21','2017-04-05 18:36:21',5,339),(366,2,'2017-04-05 18:42:14','2017-04-05 18:42:28',5,341),(367,2,'2017-04-05 19:12:55','2017-04-05 19:13:03',5,342),(368,2,'2017-04-05 19:13:23','2017-04-05 19:13:27',5,343),(369,2,'2017-04-05 19:13:53','0000-00-00 00:00:00',5,344),(370,2,'2017-04-05 19:22:33','0000-00-00 00:00:00',5,345),(371,2,'2017-04-05 19:25:28','0000-00-00 00:00:00',5,346),(372,2,'2017-04-05 19:30:21','0000-00-00 00:00:00',5,347),(373,2,'2017-04-05 19:37:09','0000-00-00 00:00:00',5,348),(374,2,'2017-04-05 19:40:02','0000-00-00 00:00:00',5,349),(375,2,'2017-04-05 19:44:07','0000-00-00 00:00:00',5,350),(376,2,'2017-04-05 19:44:56','0000-00-00 00:00:00',5,351),(377,2,'2017-04-05 19:46:15','0000-00-00 00:00:00',5,352),(378,2,'2017-04-05 19:47:44','0000-00-00 00:00:00',5,353),(379,2,'2017-04-05 19:53:23','0000-00-00 00:00:00',5,354),(380,2,'2017-04-05 21:35:11','2017-04-05 21:35:17',5,355),(381,2,'2017-04-05 21:35:24','2017-04-05 21:35:29',5,356),(382,2,'2017-04-05 23:36:10','2017-04-05 23:36:16',5,357),(383,2,'2017-04-06 14:20:26','0000-00-00 00:00:00',4,359),(384,2,'2017-04-07 09:52:42','0000-00-00 00:00:00',5,360),(385,2,'2017-04-07 10:00:50','0000-00-00 00:00:00',5,361),(386,2,'2017-04-07 10:01:17','2017-04-07 10:05:54',5,362),(387,2,'2017-04-07 10:06:25','2017-04-07 10:06:42',5,363),(388,2,'2017-04-07 10:07:12','0000-00-00 00:00:00',5,364),(389,2,'2017-04-07 10:34:31','0000-00-00 00:00:00',5,365),(390,2,'2017-04-07 10:36:16','0000-00-00 00:00:00',5,366),(391,2,'2017-04-07 10:40:16','0000-00-00 00:00:00',5,367),(392,2,'2017-04-07 10:42:46','0000-00-00 00:00:00',5,368),(393,2,'2017-04-07 10:51:39','0000-00-00 00:00:00',5,369),(394,2,'2017-04-07 11:09:58','0000-00-00 00:00:00',5,370),(395,2,'2017-04-07 11:15:42','0000-00-00 00:00:00',5,371),(396,2,'2017-04-07 11:18:02','0000-00-00 00:00:00',5,372),(397,2,'2017-04-07 15:12:23','0000-00-00 00:00:00',5,373),(398,2,'2017-04-07 16:13:08','2017-04-07 16:15:09',4,374),(399,2,'2017-04-07 16:15:14','2017-04-07 16:16:23',4,375),(400,2,'2017-04-07 16:16:26','2017-04-07 16:16:33',4,376),(401,2,'2017-04-07 16:18:20','2017-04-07 16:22:14',4,377),(402,1,'2017-04-07 16:19:19','2017-04-07 16:22:08',5,377),(403,2,'2017-04-07 16:22:20','2017-04-07 16:24:04',5,378),(404,2,'2017-04-07 16:24:15','0000-00-00 00:00:00',4,379),(405,1,'2017-04-07 16:24:40','0000-00-00 00:00:00',5,379),(406,2,'2017-04-07 17:43:36','0000-00-00 00:00:00',5,380),(407,2,'2017-04-07 17:49:25','2017-04-07 17:58:57',5,381),(408,1,'2017-04-07 17:54:24','0000-00-00 00:00:00',4,381),(409,2,'2017-04-07 17:59:37','0000-00-00 00:00:00',4,382),(410,1,'2017-04-07 18:01:06','0000-00-00 00:00:00',5,382),(411,2,'2017-04-07 21:16:01','0000-00-00 00:00:00',5,383),(412,2,'2017-04-07 21:18:40','0000-00-00 00:00:00',4,384),(413,2,'2017-04-07 21:21:38','0000-00-00 00:00:00',5,385),(414,1,'2017-04-07 21:22:07','0000-00-00 00:00:00',4,385),(415,2,'2017-04-07 21:26:25','0000-00-00 00:00:00',4,386),(416,2,'2017-04-07 21:28:34','0000-00-00 00:00:00',4,387),(417,2,'2017-04-07 21:30:55','0000-00-00 00:00:00',5,388),(418,1,'2017-04-07 21:31:16','0000-00-00 00:00:00',4,388),(419,2,'2017-04-07 21:38:01','0000-00-00 00:00:00',5,389),(420,2,'2017-04-07 21:41:48','2017-04-07 21:53:18',5,390),(421,1,'2017-04-07 21:43:00','0000-00-00 00:00:00',4,390),(422,2,'2017-04-07 22:03:09','0000-00-00 00:00:00',5,391),(423,1,'2017-04-07 22:04:28','0000-00-00 00:00:00',4,391),(424,2,'2017-04-07 22:41:10','0000-00-00 00:00:00',5,392),(425,1,'2017-04-07 22:41:31','0000-00-00 00:00:00',4,392),(426,2,'2017-04-07 22:52:26','0000-00-00 00:00:00',5,393),(427,1,'2017-04-07 22:52:51','0000-00-00 00:00:00',4,393),(428,2,'2017-04-07 22:58:12','0000-00-00 00:00:00',5,394),(429,1,'2017-04-07 22:59:15','0000-00-00 00:00:00',4,394),(430,2,'2017-04-07 23:06:51','0000-00-00 00:00:00',5,395),(431,1,'2017-04-07 23:07:56','0000-00-00 00:00:00',4,395),(432,2,'2017-04-07 23:39:27','0000-00-00 00:00:00',5,396),(433,1,'2017-04-07 23:40:28','2017-04-07 23:41:02',4,396),(434,2,'2017-04-07 23:46:25','0000-00-00 00:00:00',5,397),(435,1,'2017-04-07 23:47:25','0000-00-00 00:00:00',4,397),(436,2,'2017-04-08 00:02:47','2017-04-08 00:20:07',5,398),(437,1,'2017-04-08 00:04:35','0000-00-00 00:00:00',4,398),(438,2,'2017-04-08 00:09:07','0000-00-00 00:00:00',4,399),(439,2,'2017-04-08 00:10:40','0000-00-00 00:00:00',4,400),(440,2,'2017-04-08 00:20:42','0000-00-00 00:00:00',4,401),(441,1,'2017-04-08 00:22:18','0000-00-00 00:00:00',5,401),(442,2,'2017-04-08 00:36:33','0000-00-00 00:00:00',5,402),(443,2,'2017-04-08 00:42:50','2017-04-08 00:48:07',5,403),(444,2,'2017-04-08 00:45:00','0000-00-00 00:00:00',4,404),(445,2,'2017-04-08 00:46:52','2017-04-08 00:47:11',4,405),(446,2,'2017-04-09 17:21:49','2017-04-09 17:22:59',4,406),(447,2,'2017-04-10 09:59:09','2017-04-10 10:00:53',5,407),(448,2,'2017-04-10 10:00:49','2017-04-10 10:03:18',4,408),(449,1,'2017-04-10 10:01:15','2017-04-10 10:03:20',5,408),(450,2,'2017-04-10 10:03:25','2017-04-10 10:03:48',5,409),(451,2,'2017-04-10 10:04:08','2017-04-10 10:12:42',5,410),(452,1,'2017-04-10 10:07:25','2017-04-10 10:12:24',4,410),(453,2,'2017-04-10 10:12:37','2017-04-10 10:21:09',4,411),(454,1,'2017-04-10 10:15:21','2017-04-10 10:20:58',5,411),(455,2,'2017-04-10 10:21:03','2017-04-10 10:25:36',5,412),(456,1,'2017-04-10 10:21:33','2017-04-10 10:25:22',4,412),(457,2,'2017-04-10 10:25:37','2017-04-10 10:33:19',5,413),(458,1,'2017-04-10 10:25:52','0000-00-00 00:00:00',4,413),(459,2,'2017-04-10 10:35:08','0000-00-00 00:00:00',4,414),(460,1,'2017-04-10 10:35:29','0000-00-00 00:00:00',5,414),(461,2,'2017-04-10 10:41:33','0000-00-00 00:00:00',5,415),(462,1,'2017-04-10 10:42:26','0000-00-00 00:00:00',4,415),(463,2,'2017-04-10 10:53:55','2017-04-10 11:05:02',5,416),(464,1,'2017-04-10 11:03:31','2017-04-10 11:05:11',4,416),(465,2,'2017-04-10 11:05:20','0000-00-00 00:00:00',5,417),(466,1,'2017-04-10 11:08:03','2017-04-10 11:07:25',4,417),(467,2,'2017-04-10 11:45:24','0000-00-00 00:00:00',4,418),(468,1,'2017-04-10 11:45:50','2017-04-10 11:46:25',5,418),(469,2,'2017-04-10 13:35:24','0000-00-00 00:00:00',4,419),(470,1,'2017-04-10 13:37:55','2017-04-10 13:37:08',5,419),(471,2,'2017-04-10 13:41:12','2017-04-10 13:51:00',4,420),(472,1,'2017-04-10 13:41:55','2017-04-10 13:51:04',5,420),(473,2,'2017-04-10 13:51:07','2017-04-10 14:04:28',4,421),(474,1,'2017-04-10 13:52:51','2017-04-10 14:04:33',5,421),(475,2,'2017-04-10 14:04:39','2017-04-10 14:22:26',4,422),(476,1,'2017-04-10 14:06:21','0000-00-00 00:00:00',5,422),(477,2,'2017-04-10 14:25:46','0000-00-00 00:00:00',4,423),(478,1,'2017-04-10 14:26:35','2017-04-10 14:30:43',5,423),(479,2,'2017-04-10 14:32:01','0000-00-00 00:00:00',4,424),(480,1,'2017-04-10 14:32:41','2017-04-10 15:21:00',5,424),(481,2,'2017-04-10 14:50:09','0000-00-00 00:00:00',4,425),(482,2,'2017-04-10 14:53:57','2017-04-10 15:13:32',4,426),(483,2,'2017-04-10 15:13:48','0000-00-00 00:00:00',4,427),(484,2,'2017-04-10 15:21:44','0000-00-00 00:00:00',5,428),(485,2,'2017-04-10 15:25:20','0000-00-00 00:00:00',5,429),(486,2,'2017-04-10 15:27:05','0000-00-00 00:00:00',5,430),(487,2,'2017-04-10 15:42:22','0000-00-00 00:00:00',5,431),(488,2,'2017-04-10 15:48:16','0000-00-00 00:00:00',5,432),(489,2,'2017-04-10 15:54:19','0000-00-00 00:00:00',5,433),(490,2,'2017-04-10 15:56:15','2017-04-10 15:59:15',4,434),(491,2,'2017-04-10 16:02:34','0000-00-00 00:00:00',4,435),(492,2,'2017-04-10 16:20:21','0000-00-00 00:00:00',4,436),(493,2,'2017-04-10 16:27:14','0000-00-00 00:00:00',4,437),(494,2,'2017-04-10 16:32:26','0000-00-00 00:00:00',4,438),(495,2,'2017-04-10 16:34:13','0000-00-00 00:00:00',4,439),(496,1,'2017-04-10 16:43:02','2017-04-10 16:41:43',5,439),(497,2,'2017-04-10 17:12:32','0000-00-00 00:00:00',4,440),(498,1,'2017-04-10 17:14:11','2017-04-10 17:13:44',5,440),(499,2,'2017-04-10 17:20:05','0000-00-00 00:00:00',4,441),(500,1,'2017-04-10 17:22:51','2017-04-10 17:27:40',5,441),(501,2,'2017-04-10 17:29:35','0000-00-00 00:00:00',5,442),(502,2,'2017-04-10 18:35:58','0000-00-00 00:00:00',5,443),(503,2,'2017-04-10 21:39:34','0000-00-00 00:00:00',5,444),(504,1,'2017-04-10 21:44:28','2017-04-10 22:00:00',4,444),(505,2,'2017-04-10 22:00:20','0000-00-00 00:00:00',4,445),(506,2,'2017-04-10 22:04:04','2017-04-10 22:05:29',5,446),(507,2,'2017-04-10 22:27:55','2017-04-10 22:35:42',5,448),(508,1,'2017-04-10 22:34:17','2017-04-10 22:32:10',4,448),(509,2,'2017-04-10 22:56:14','0000-00-00 00:00:00',5,449),(510,2,'2017-04-10 23:04:29','0000-00-00 00:00:00',5,450),(511,2,'2017-04-10 23:05:19','0000-00-00 00:00:00',4,451),(512,2,'2017-04-10 23:11:34','0000-00-00 00:00:00',4,452),(513,2,'2017-04-10 23:18:04','0000-00-00 00:00:00',4,453),(514,2,'2017-04-10 23:27:38','0000-00-00 00:00:00',4,454),(515,2,'2017-04-10 23:37:46','0000-00-00 00:00:00',4,455),(516,2,'2017-04-10 23:41:07','0000-00-00 00:00:00',4,456),(517,2,'2017-04-10 23:44:13','0000-00-00 00:00:00',4,457),(518,2,'2017-04-10 23:53:34','2017-04-10 23:53:37',5,458),(519,2,'2017-04-11 09:34:06','0000-00-00 00:00:00',4,459),(520,2,'2017-04-11 09:41:22','0000-00-00 00:00:00',4,460),(521,2,'2017-04-11 09:44:15','0000-00-00 00:00:00',4,461),(522,2,'2017-04-11 09:46:39','0000-00-00 00:00:00',4,462),(523,2,'2017-04-11 09:53:00','0000-00-00 00:00:00',4,463),(524,2,'2017-04-11 10:22:42','0000-00-00 00:00:00',4,464),(525,2,'2017-04-11 10:27:20','0000-00-00 00:00:00',4,465),(526,2,'2017-04-11 10:29:49','0000-00-00 00:00:00',4,466),(527,2,'2017-04-11 10:33:48','0000-00-00 00:00:00',4,467),(528,2,'2017-04-11 10:35:44','0000-00-00 00:00:00',4,468),(529,2,'2017-04-11 10:37:36','0000-00-00 00:00:00',4,469),(530,1,'2017-04-11 10:39:10','2017-04-11 10:40:41',5,469),(531,2,'2017-04-11 11:17:48','2017-04-11 11:23:50',5,470),(532,1,'2017-04-11 11:22:26','2017-04-11 11:23:53',4,470),(533,2,'2017-04-11 11:24:02','0000-00-00 00:00:00',4,471),(534,1,'2017-04-11 11:26:08','2017-04-11 11:27:35',5,471),(535,2,'2017-04-11 15:16:14','2017-04-11 15:27:28',5,472),(536,1,'2017-04-11 15:18:19','0000-00-00 00:00:00',4,472),(537,2,'2017-04-11 15:28:23','0000-00-00 00:00:00',4,473),(538,1,'2017-04-11 15:28:55','0000-00-00 00:00:00',5,473),(539,2,'2017-04-11 15:54:04','2017-04-11 16:01:48',4,474),(540,1,'2017-04-11 15:54:28','2017-04-11 16:02:24',5,474),(541,2,'2017-04-11 16:02:36','0000-00-00 00:00:00',4,475),(542,1,'2017-04-11 16:03:01','0000-00-00 00:00:00',5,475),(543,2,'2017-04-11 17:08:02','0000-00-00 00:00:00',4,476),(544,1,'2017-04-11 17:10:28','0000-00-00 00:00:00',5,476),(545,2,'2017-04-11 17:22:00','2017-04-11 17:23:13',4,477),(546,1,'2017-04-11 17:22:20','2017-04-11 17:23:15',5,477),(547,2,'2017-04-11 17:29:06','0000-00-00 00:00:00',4,478),(548,1,'2017-04-11 17:29:24','0000-00-00 00:00:00',5,478),(549,2,'2017-04-11 17:34:07','2017-04-11 17:43:04',4,479),(550,1,'2017-04-11 17:39:48','2017-04-11 17:40:40',5,479),(551,2,'2017-04-11 17:43:05','2017-04-11 17:45:26',4,480),(552,1,'2017-04-11 17:43:36','2017-04-11 17:45:29',5,480),(553,2,'2017-04-11 17:45:35','2017-04-11 17:46:39',4,481),(554,1,'2017-04-11 17:45:52','2017-04-11 17:46:51',5,481),(555,2,'2017-04-11 17:46:49','0000-00-00 00:00:00',4,482),(556,2,'2017-04-11 18:03:42','0000-00-00 00:00:00',5,483),(557,2,'2017-04-11 18:10:41','2017-04-11 18:12:32',5,484),(558,2,'2017-04-11 18:13:19','2017-04-11 18:15:11',5,485),(559,2,'2017-04-11 18:16:24','0000-00-00 00:00:00',4,486),(560,2,'2017-04-11 18:24:59','0000-00-00 00:00:00',4,487),(561,2,'2017-04-11 19:49:25','2017-04-11 19:51:59',4,488),(562,2,'2017-04-11 19:52:10','0000-00-00 00:00:00',4,489),(563,2,'2017-04-11 20:30:04','0000-00-00 00:00:00',4,490),(564,2,'2017-04-11 21:38:33','2017-04-11 21:39:25',4,491),(565,2,'2017-04-11 21:41:42','2017-04-11 21:48:11',4,492),(566,2,'2017-04-11 22:00:11','0000-00-00 00:00:00',5,493),(567,2,'2017-04-11 22:10:46','2017-04-11 22:17:29',5,494),(568,2,'2017-04-11 22:21:41','2017-04-11 22:25:53',5,495),(569,2,'2017-04-11 22:26:29','0000-00-00 00:00:00',5,496),(570,2,'2017-04-11 22:44:36','0000-00-00 00:00:00',4,497),(571,2,'2017-04-12 17:23:40','2017-04-12 17:24:09',5,498);
/*!40000 ALTER TABLE `bd_user_and_meeting` ENABLE KEYS */;
UNLOCK TABLES;

--
-- Table structure for table `bd_version`
--

DROP TABLE IF EXISTS `bd_version`;
/*!40101 SET @saved_cs_client     = @@character_set_client */;
/*!40101 SET character_set_client = utf8 */;
CREATE TABLE `bd_version` (
  `version_id` int(10) unsigned NOT NULL AUTO_INCREMENT,
  `version_part_one` smallint(5) unsigned NOT NULL COMMENT '主版本号',
  `version_part_two` smallint(5) unsigned NOT NULL COMMENT '子版本号',
  `version_part_three` smallint(5) unsigned NOT NULL COMMENT '修订版本号',
  `version_part_four` int(10) unsigned NOT NULL COMMENT '日期版本号',
  `version_part_five` char(10) NOT NULL COMMENT '希腊字母版本号',
  PRIMARY KEY (`version_id`)
) ENGINE=InnoDB DEFAULT CHARSET=utf8;
/*!40101 SET character_set_client = @saved_cs_client */;

--
-- Dumping data for table `bd_version`
--

LOCK TABLES `bd_version` WRITE;
/*!40000 ALTER TABLE `bd_version` DISABLE KEYS */;
/*!40000 ALTER TABLE `bd_version` ENABLE KEYS */;
UNLOCK TABLES;

--
-- Dumping events for database 'board'
--

--
-- Dumping routines for database 'board'
--
/*!40103 SET TIME_ZONE=@OLD_TIME_ZONE */;

/*!40101 SET SQL_MODE=@OLD_SQL_MODE */;
/*!40014 SET FOREIGN_KEY_CHECKS=@OLD_FOREIGN_KEY_CHECKS */;
/*!40014 SET UNIQUE_CHECKS=@OLD_UNIQUE_CHECKS */;
/*!40101 SET CHARACTER_SET_CLIENT=@OLD_CHARACTER_SET_CLIENT */;
/*!40101 SET CHARACTER_SET_RESULTS=@OLD_CHARACTER_SET_RESULTS */;
/*!40101 SET COLLATION_CONNECTION=@OLD_COLLATION_CONNECTION */;
/*!40111 SET SQL_NOTES=@OLD_SQL_NOTES */;

-- Dump completed on 2017-04-20 20:12:03
